<?xml version="1.0" encoding="UTF-8" ?>
<!-- This is a WordPress eXtended RSS file generated by WordPress as an export of your site. -->
<!-- It contains information about your site's posts, pages, comments, categories, and other content. -->
<!-- You may use this file to transfer that content from one site to another. -->
<!-- This file is not intended to serve as a complete backup of your site. -->

<!-- To import this information into a WordPress site follow these steps: -->
<!-- 1. Log in to that site as an administrator. -->
<!-- 2. Go to Tools: Import in the WordPress admin panel. -->
<!-- 3. Install the "WordPress" importer from the list. -->
<!-- 4. Activate & Run Importer. -->
<!-- 5. Upload this file using the form provided on that page. -->
<!-- 6. You will first be asked to map the authors in this export file to users -->
<!--    on the site. For each author, you may choose to map to an -->
<!--    existing user on the site or to create a new user. -->
<!-- 7. WordPress will then import each of the posts, pages, comments, categories, etc. -->
<!--    contained in this file into your site. -->

<!-- generator="WordPress/3.8.2" created="2014-04-13 13:03" -->
<rss version="2.0"
	xmlns:excerpt="http://wordpress.org/export/1.2/excerpt/"
	xmlns:content="http://purl.org/rss/1.0/modules/content/"
	xmlns:wfw="http://wellformedweb.org/CommentAPI/"
	xmlns:dc="http://purl.org/dc/elements/1.1/"
	xmlns:wp="http://wordpress.org/export/1.2/"
>

<channel>
	<title>Moderna WordPress Theme</title>
	<link>http://bootstraptaste.com/wp/moderna</link>
	<description>Just another WordPress site</description>
	<pubDate>Sun, 13 Apr 2014 13:03:29 +0000</pubDate>
	<language>en-US</language>
	<wp:wxr_version>1.2</wp:wxr_version>
	<wp:base_site_url>http://bootstraptaste.com/wp/moderna</wp:base_site_url>
	<wp:base_blog_url>http://bootstraptaste.com/wp/moderna</wp:base_blog_url>

	<wp:author><wp:author_id>1</wp:author_id><wp:author_login>admin</wp:author_login><wp:author_email>heru06@gmail.com</wp:author_email><wp:author_display_name><![CDATA[admin]]></wp:author_display_name><wp:author_first_name><![CDATA[]]></wp:author_first_name><wp:author_last_name><![CDATA[]]></wp:author_last_name></wp:author>

	<wp:category><wp:term_id>1</wp:term_id><wp:category_nicename>blog</wp:category_nicename><wp:category_parent></wp:category_parent><wp:cat_name><![CDATA[Blog]]></wp:cat_name></wp:category>
	<wp:tag><wp:term_id>7</wp:term_id><wp:tag_slug>article</wp:tag_slug><wp:tag_name><![CDATA[Article]]></wp:tag_name></wp:tag>
	<wp:tag><wp:term_id>1</wp:term_id><wp:tag_slug>blog</wp:tag_slug><wp:tag_name><![CDATA[Blog]]></wp:tag_name></wp:tag>
	<wp:tag><wp:term_id>8</wp:term_id><wp:tag_slug>general</wp:tag_slug><wp:tag_name><![CDATA[General]]></wp:tag_name></wp:tag>
	<wp:tag><wp:term_id>6</wp:term_id><wp:tag_slug>post</wp:tag_slug><wp:tag_name><![CDATA[Post]]></wp:tag_name></wp:tag>
	<wp:term><wp:term_id>4</wp:term_id><wp:term_taxonomy>portfolio_categories</wp:term_taxonomy><wp:term_slug>graphic-design</wp:term_slug><wp:term_parent></wp:term_parent><wp:term_name><![CDATA[Graphic Design]]></wp:term_name></wp:term>
	<wp:term><wp:term_id>3</wp:term_id><wp:term_taxonomy>portfolio_categories</wp:term_taxonomy><wp:term_slug>icons</wp:term_slug><wp:term_parent></wp:term_parent><wp:term_name><![CDATA[Icons]]></wp:term_name></wp:term>
	<wp:term><wp:term_id>2</wp:term_id><wp:term_taxonomy>portfolio_categories</wp:term_taxonomy><wp:term_slug>web-design</wp:term_slug><wp:term_parent></wp:term_parent><wp:term_name><![CDATA[Web Design]]></wp:term_name></wp:term>
	<wp:term><wp:term_id>5</wp:term_id><wp:term_taxonomy>nav_menu</wp:term_taxonomy><wp:term_slug>top-menu</wp:term_slug><wp:term_name><![CDATA[Top menu]]></wp:term_name></wp:term>

	<generator>http://wordpress.org/?v=3.8.2</generator>

	<item>
				<title>Slide 3</title>
		<link>http://bootstraptaste.com/wp/moderna/flexslider/slide-3/</link>
		<pubDate>Sun, 13 Apr 2014 10:44:54 +0000</pubDate>
		<dc:creator><![CDATA[admin]]></dc:creator>
		<guid isPermaLink="false">http://bootstraptaste.com/wp/moderna/?post_type=flexslider&#038;p=7</guid>
		<description></description>
		<content:encoded><![CDATA[]]></content:encoded>
		<excerpt:encoded><![CDATA[]]></excerpt:encoded>
		<wp:post_id>7</wp:post_id>
		<wp:post_date>2014-04-13 10:44:54</wp:post_date>
		<wp:post_date_gmt>2014-04-13 10:44:54</wp:post_date_gmt>
		<wp:comment_status>closed</wp:comment_status>
		<wp:ping_status>closed</wp:ping_status>
		<wp:post_name>slide-3</wp:post_name>
		<wp:status>publish</wp:status>
		<wp:post_parent>0</wp:post_parent>
		<wp:menu_order>0</wp:menu_order>
		<wp:post_type>flexslider</wp:post_type>
		<wp:post_password></wp:post_password>
		<wp:is_sticky>0</wp:is_sticky>
		<wp:postmeta>
			<wp:meta_key>iweb_flexslider_img</wp:meta_key>
			<wp:meta_value><![CDATA[8]]></wp:meta_value>
		</wp:postmeta>
		<wp:postmeta>
			<wp:meta_key>_edit_last</wp:meta_key>
			<wp:meta_value><![CDATA[1]]></wp:meta_value>
		</wp:postmeta>
		<wp:postmeta>
			<wp:meta_key>iweb_flexslider_title</wp:meta_key>
			<wp:meta_value><![CDATA[Clean & Fast]]></wp:meta_value>
		</wp:postmeta>
		<wp:postmeta>
			<wp:meta_key>iweb_flexslider_caption</wp:meta_key>
			<wp:meta_value><![CDATA[Lorem ipsum dolor sit amet, consectetur adipiscing elit donec mer lacinia.]]></wp:meta_value>
		</wp:postmeta>
		<wp:postmeta>
			<wp:meta_key>iweb_flexslider_btntext</wp:meta_key>
			<wp:meta_value><![CDATA[LEARN MORE]]></wp:meta_value>
		</wp:postmeta>
		<wp:postmeta>
			<wp:meta_key>iweb_flexslider_btnurl</wp:meta_key>
			<wp:meta_value><![CDATA[http://iweb-studio.com]]></wp:meta_value>
		</wp:postmeta>
	</item>
	<item>
				<title>3</title>
		<link>http://bootstraptaste.com/wp/moderna/flexslider/slide-3/attachment/3/</link>
		<pubDate>Sun, 13 Apr 2014 10:44:48 +0000</pubDate>
		<dc:creator><![CDATA[admin]]></dc:creator>
		<guid isPermaLink="false">http://bootstraptaste.com/wp/moderna/wp-content/uploads/2014/04/3.jpg</guid>
		<description></description>
		<content:encoded><![CDATA[]]></content:encoded>
		<excerpt:encoded><![CDATA[]]></excerpt:encoded>
		<wp:post_id>8</wp:post_id>
		<wp:post_date>2014-04-13 10:44:48</wp:post_date>
		<wp:post_date_gmt>2014-04-13 10:44:48</wp:post_date_gmt>
		<wp:comment_status>open</wp:comment_status>
		<wp:ping_status>open</wp:ping_status>
		<wp:post_name>3</wp:post_name>
		<wp:status>inherit</wp:status>
		<wp:post_parent>7</wp:post_parent>
		<wp:menu_order>0</wp:menu_order>
		<wp:post_type>attachment</wp:post_type>
		<wp:post_password></wp:post_password>
		<wp:is_sticky>0</wp:is_sticky>
		<wp:attachment_url>http://bootstraptaste.com/wp/moderna/wp-content/uploads/2014/04/3.jpg</wp:attachment_url>
		<wp:postmeta>
			<wp:meta_key>_wp_attached_file</wp:meta_key>
			<wp:meta_value><![CDATA[2014/04/3.jpg]]></wp:meta_value>
		</wp:postmeta>
		<wp:postmeta>
			<wp:meta_key>_wp_attachment_metadata</wp:meta_key>
			<wp:meta_value><![CDATA[a:5:{s:5:"width";i:1024;s:6:"height";i:360;s:4:"file";s:13:"2014/04/3.jpg";s:5:"sizes";a:3:{s:9:"thumbnail";a:4:{s:4:"file";s:13:"3-150x150.jpg";s:5:"width";i:150;s:6:"height";i:150;s:9:"mime-type";s:10:"image/jpeg";}s:6:"medium";a:4:{s:4:"file";s:13:"3-300x105.jpg";s:5:"width";i:300;s:6:"height";i:105;s:9:"mime-type";s:10:"image/jpeg";}s:11:"small-thumb";a:4:{s:4:"file";s:11:"3-54x54.jpg";s:5:"width";i:54;s:6:"height";i:54;s:9:"mime-type";s:10:"image/jpeg";}}s:10:"image_meta";a:10:{s:8:"aperture";i:0;s:6:"credit";s:0:"";s:6:"camera";s:0:"";s:7:"caption";s:0:"";s:17:"created_timestamp";i:0;s:9:"copyright";s:0:"";s:12:"focal_length";i:0;s:3:"iso";i:0;s:13:"shutter_speed";i:0;s:5:"title";s:0:"";}}]]></wp:meta_value>
		</wp:postmeta>
	</item>
	<item>
				<title>Slide 2</title>
		<link>http://bootstraptaste.com/wp/moderna/flexslider/slide-2/</link>
		<pubDate>Sun, 13 Apr 2014 10:45:25 +0000</pubDate>
		<dc:creator><![CDATA[admin]]></dc:creator>
		<guid isPermaLink="false">http://bootstraptaste.com/wp/moderna/?post_type=flexslider&#038;p=10</guid>
		<description></description>
		<content:encoded><![CDATA[]]></content:encoded>
		<excerpt:encoded><![CDATA[]]></excerpt:encoded>
		<wp:post_id>10</wp:post_id>
		<wp:post_date>2014-04-13 10:45:25</wp:post_date>
		<wp:post_date_gmt>2014-04-13 10:45:25</wp:post_date_gmt>
		<wp:comment_status>closed</wp:comment_status>
		<wp:ping_status>closed</wp:ping_status>
		<wp:post_name>slide-2</wp:post_name>
		<wp:status>publish</wp:status>
		<wp:post_parent>0</wp:post_parent>
		<wp:menu_order>0</wp:menu_order>
		<wp:post_type>flexslider</wp:post_type>
		<wp:post_password></wp:post_password>
		<wp:is_sticky>0</wp:is_sticky>
		<wp:postmeta>
			<wp:meta_key>iweb_flexslider_img</wp:meta_key>
			<wp:meta_value><![CDATA[11]]></wp:meta_value>
		</wp:postmeta>
		<wp:postmeta>
			<wp:meta_key>_edit_last</wp:meta_key>
			<wp:meta_value><![CDATA[1]]></wp:meta_value>
		</wp:postmeta>
		<wp:postmeta>
			<wp:meta_key>iweb_flexslider_title</wp:meta_key>
			<wp:meta_value><![CDATA[Fully Responsive]]></wp:meta_value>
		</wp:postmeta>
		<wp:postmeta>
			<wp:meta_key>iweb_flexslider_caption</wp:meta_key>
			<wp:meta_value><![CDATA[Sodales neque vitae justo sollicitudin aliquet sit amet diam curabitur sed fermentum.]]></wp:meta_value>
		</wp:postmeta>
		<wp:postmeta>
			<wp:meta_key>iweb_flexslider_btntext</wp:meta_key>
			<wp:meta_value><![CDATA[LEARN MORE]]></wp:meta_value>
		</wp:postmeta>
		<wp:postmeta>
			<wp:meta_key>iweb_flexslider_btnurl</wp:meta_key>
			<wp:meta_value><![CDATA[http://iweb-studio.com]]></wp:meta_value>
		</wp:postmeta>
	</item>
	<item>
				<title>2</title>
		<link>http://bootstraptaste.com/wp/moderna/flexslider/slide-2/attachment/2/</link>
		<pubDate>Sun, 13 Apr 2014 10:45:21 +0000</pubDate>
		<dc:creator><![CDATA[admin]]></dc:creator>
		<guid isPermaLink="false">http://bootstraptaste.com/wp/moderna/wp-content/uploads/2014/04/2.jpg</guid>
		<description></description>
		<content:encoded><![CDATA[]]></content:encoded>
		<excerpt:encoded><![CDATA[]]></excerpt:encoded>
		<wp:post_id>11</wp:post_id>
		<wp:post_date>2014-04-13 10:45:21</wp:post_date>
		<wp:post_date_gmt>2014-04-13 10:45:21</wp:post_date_gmt>
		<wp:comment_status>open</wp:comment_status>
		<wp:ping_status>open</wp:ping_status>
		<wp:post_name>2</wp:post_name>
		<wp:status>inherit</wp:status>
		<wp:post_parent>10</wp:post_parent>
		<wp:menu_order>0</wp:menu_order>
		<wp:post_type>attachment</wp:post_type>
		<wp:post_password></wp:post_password>
		<wp:is_sticky>0</wp:is_sticky>
		<wp:attachment_url>http://bootstraptaste.com/wp/moderna/wp-content/uploads/2014/04/2.jpg</wp:attachment_url>
		<wp:postmeta>
			<wp:meta_key>_wp_attached_file</wp:meta_key>
			<wp:meta_value><![CDATA[2014/04/2.jpg]]></wp:meta_value>
		</wp:postmeta>
		<wp:postmeta>
			<wp:meta_key>_wp_attachment_metadata</wp:meta_key>
			<wp:meta_value><![CDATA[a:5:{s:5:"width";i:1024;s:6:"height";i:360;s:4:"file";s:13:"2014/04/2.jpg";s:5:"sizes";a:3:{s:9:"thumbnail";a:4:{s:4:"file";s:13:"2-150x150.jpg";s:5:"width";i:150;s:6:"height";i:150;s:9:"mime-type";s:10:"image/jpeg";}s:6:"medium";a:4:{s:4:"file";s:13:"2-300x105.jpg";s:5:"width";i:300;s:6:"height";i:105;s:9:"mime-type";s:10:"image/jpeg";}s:11:"small-thumb";a:4:{s:4:"file";s:11:"2-54x54.jpg";s:5:"width";i:54;s:6:"height";i:54;s:9:"mime-type";s:10:"image/jpeg";}}s:10:"image_meta";a:10:{s:8:"aperture";i:0;s:6:"credit";s:0:"";s:6:"camera";s:0:"";s:7:"caption";s:0:"";s:17:"created_timestamp";i:0;s:9:"copyright";s:0:"";s:12:"focal_length";i:0;s:3:"iso";i:0;s:13:"shutter_speed";i:0;s:5:"title";s:0:"";}}]]></wp:meta_value>
		</wp:postmeta>
	</item>
	<item>
				<title>Slide 1</title>
		<link>http://bootstraptaste.com/wp/moderna/flexslider/slide-1/</link>
		<pubDate>Sun, 13 Apr 2014 10:45:52 +0000</pubDate>
		<dc:creator><![CDATA[admin]]></dc:creator>
		<guid isPermaLink="false">http://bootstraptaste.com/wp/moderna/?post_type=flexslider&#038;p=13</guid>
		<description></description>
		<content:encoded><![CDATA[]]></content:encoded>
		<excerpt:encoded><![CDATA[]]></excerpt:encoded>
		<wp:post_id>13</wp:post_id>
		<wp:post_date>2014-04-13 10:45:52</wp:post_date>
		<wp:post_date_gmt>2014-04-13 10:45:52</wp:post_date_gmt>
		<wp:comment_status>closed</wp:comment_status>
		<wp:ping_status>closed</wp:ping_status>
		<wp:post_name>slide-1</wp:post_name>
		<wp:status>publish</wp:status>
		<wp:post_parent>0</wp:post_parent>
		<wp:menu_order>0</wp:menu_order>
		<wp:post_type>flexslider</wp:post_type>
		<wp:post_password></wp:post_password>
		<wp:is_sticky>0</wp:is_sticky>
		<wp:postmeta>
			<wp:meta_key>_edit_last</wp:meta_key>
			<wp:meta_value><![CDATA[1]]></wp:meta_value>
		</wp:postmeta>
		<wp:postmeta>
			<wp:meta_key>iweb_flexslider_img</wp:meta_key>
			<wp:meta_value><![CDATA[14]]></wp:meta_value>
		</wp:postmeta>
		<wp:postmeta>
			<wp:meta_key>iweb_flexslider_title</wp:meta_key>
			<wp:meta_value><![CDATA[Modern Design]]></wp:meta_value>
		</wp:postmeta>
		<wp:postmeta>
			<wp:meta_key>iweb_flexslider_caption</wp:meta_key>
			<wp:meta_value><![CDATA[Duis fermentum auctor ligula ac malesuada. Mauris et metus odio, in pulvinar urna]]></wp:meta_value>
		</wp:postmeta>
		<wp:postmeta>
			<wp:meta_key>iweb_flexslider_btntext</wp:meta_key>
			<wp:meta_value><![CDATA[LEARN MORE]]></wp:meta_value>
		</wp:postmeta>
		<wp:postmeta>
			<wp:meta_key>iweb_flexslider_btnurl</wp:meta_key>
			<wp:meta_value><![CDATA[http://iweb-studio.com]]></wp:meta_value>
		</wp:postmeta>
	</item>
	<item>
				<title>1</title>
		<link>http://bootstraptaste.com/wp/moderna/flexslider/slide-1/attachment/1/</link>
		<pubDate>Sun, 13 Apr 2014 10:45:47 +0000</pubDate>
		<dc:creator><![CDATA[admin]]></dc:creator>
		<guid isPermaLink="false">http://bootstraptaste.com/wp/moderna/wp-content/uploads/2014/04/1.jpg</guid>
		<description></description>
		<content:encoded><![CDATA[]]></content:encoded>
		<excerpt:encoded><![CDATA[]]></excerpt:encoded>
		<wp:post_id>14</wp:post_id>
		<wp:post_date>2014-04-13 10:45:47</wp:post_date>
		<wp:post_date_gmt>2014-04-13 10:45:47</wp:post_date_gmt>
		<wp:comment_status>open</wp:comment_status>
		<wp:ping_status>open</wp:ping_status>
		<wp:post_name>1</wp:post_name>
		<wp:status>inherit</wp:status>
		<wp:post_parent>13</wp:post_parent>
		<wp:menu_order>0</wp:menu_order>
		<wp:post_type>attachment</wp:post_type>
		<wp:post_password></wp:post_password>
		<wp:is_sticky>0</wp:is_sticky>
		<wp:attachment_url>http://bootstraptaste.com/wp/moderna/wp-content/uploads/2014/04/1.jpg</wp:attachment_url>
		<wp:postmeta>
			<wp:meta_key>_wp_attached_file</wp:meta_key>
			<wp:meta_value><![CDATA[2014/04/1.jpg]]></wp:meta_value>
		</wp:postmeta>
		<wp:postmeta>
			<wp:meta_key>_wp_attachment_metadata</wp:meta_key>
			<wp:meta_value><![CDATA[a:5:{s:5:"width";i:1024;s:6:"height";i:360;s:4:"file";s:13:"2014/04/1.jpg";s:5:"sizes";a:3:{s:9:"thumbnail";a:4:{s:4:"file";s:13:"1-150x150.jpg";s:5:"width";i:150;s:6:"height";i:150;s:9:"mime-type";s:10:"image/jpeg";}s:6:"medium";a:4:{s:4:"file";s:13:"1-300x105.jpg";s:5:"width";i:300;s:6:"height";i:105;s:9:"mime-type";s:10:"image/jpeg";}s:11:"small-thumb";a:4:{s:4:"file";s:11:"1-54x54.jpg";s:5:"width";i:54;s:6:"height";i:54;s:9:"mime-type";s:10:"image/jpeg";}}s:10:"image_meta";a:10:{s:8:"aperture";i:0;s:6:"credit";s:0:"";s:6:"camera";s:0:"";s:7:"caption";s:0:"";s:17:"created_timestamp";i:0;s:9:"copyright";s:0:"";s:12:"focal_length";i:0;s:3:"iso";i:0;s:13:"shutter_speed";i:0;s:5:"title";s:0:"";}}]]></wp:meta_value>
		</wp:postmeta>
	</item>
	<item>
				<title>8</title>
		<link>http://bootstraptaste.com/wp/moderna/portfolio/portfolio-8/attachment/8/</link>
		<pubDate>Sun, 13 Apr 2014 10:53:39 +0000</pubDate>
		<dc:creator><![CDATA[admin]]></dc:creator>
		<guid isPermaLink="false">http://bootstraptaste.com/wp/moderna/wp-content/uploads/2014/04/8.jpg</guid>
		<description></description>
		<content:encoded><![CDATA[]]></content:encoded>
		<excerpt:encoded><![CDATA[]]></excerpt:encoded>
		<wp:post_id>22</wp:post_id>
		<wp:post_date>2014-04-13 10:53:39</wp:post_date>
		<wp:post_date_gmt>2014-04-13 10:53:39</wp:post_date_gmt>
		<wp:comment_status>open</wp:comment_status>
		<wp:ping_status>open</wp:ping_status>
		<wp:post_name>8</wp:post_name>
		<wp:status>inherit</wp:status>
		<wp:post_parent>21</wp:post_parent>
		<wp:menu_order>0</wp:menu_order>
		<wp:post_type>attachment</wp:post_type>
		<wp:post_password></wp:post_password>
		<wp:is_sticky>0</wp:is_sticky>
		<wp:attachment_url>http://bootstraptaste.com/wp/moderna/wp-content/uploads/2014/04/8.jpg</wp:attachment_url>
		<wp:postmeta>
			<wp:meta_key>_wp_attached_file</wp:meta_key>
			<wp:meta_value><![CDATA[2014/04/8.jpg]]></wp:meta_value>
		</wp:postmeta>
		<wp:postmeta>
			<wp:meta_key>_wp_attachment_metadata</wp:meta_key>
			<wp:meta_value><![CDATA[a:5:{s:5:"width";i:800;s:6:"height";i:600;s:4:"file";s:13:"2014/04/8.jpg";s:5:"sizes";a:3:{s:9:"thumbnail";a:4:{s:4:"file";s:13:"8-150x150.jpg";s:5:"width";i:150;s:6:"height";i:150;s:9:"mime-type";s:10:"image/jpeg";}s:6:"medium";a:4:{s:4:"file";s:13:"8-300x225.jpg";s:5:"width";i:300;s:6:"height";i:225;s:9:"mime-type";s:10:"image/jpeg";}s:11:"small-thumb";a:4:{s:4:"file";s:11:"8-54x54.jpg";s:5:"width";i:54;s:6:"height";i:54;s:9:"mime-type";s:10:"image/jpeg";}}s:10:"image_meta";a:10:{s:8:"aperture";i:0;s:6:"credit";s:0:"";s:6:"camera";s:0:"";s:7:"caption";s:0:"";s:17:"created_timestamp";i:0;s:9:"copyright";s:0:"";s:12:"focal_length";i:0;s:3:"iso";i:0;s:13:"shutter_speed";i:0;s:5:"title";s:0:"";}}]]></wp:meta_value>
		</wp:postmeta>
	</item>
	<item>
				<title>7</title>
		<link>http://bootstraptaste.com/wp/moderna/portfolio/portfolio-7/attachment/7/</link>
		<pubDate>Sun, 13 Apr 2014 10:54:09 +0000</pubDate>
		<dc:creator><![CDATA[admin]]></dc:creator>
		<guid isPermaLink="false">http://bootstraptaste.com/wp/moderna/wp-content/uploads/2014/04/7.jpg</guid>
		<description></description>
		<content:encoded><![CDATA[]]></content:encoded>
		<excerpt:encoded><![CDATA[]]></excerpt:encoded>
		<wp:post_id>25</wp:post_id>
		<wp:post_date>2014-04-13 10:54:09</wp:post_date>
		<wp:post_date_gmt>2014-04-13 10:54:09</wp:post_date_gmt>
		<wp:comment_status>open</wp:comment_status>
		<wp:ping_status>open</wp:ping_status>
		<wp:post_name>7</wp:post_name>
		<wp:status>inherit</wp:status>
		<wp:post_parent>24</wp:post_parent>
		<wp:menu_order>0</wp:menu_order>
		<wp:post_type>attachment</wp:post_type>
		<wp:post_password></wp:post_password>
		<wp:is_sticky>0</wp:is_sticky>
		<wp:attachment_url>http://bootstraptaste.com/wp/moderna/wp-content/uploads/2014/04/7.jpg</wp:attachment_url>
		<wp:postmeta>
			<wp:meta_key>_wp_attached_file</wp:meta_key>
			<wp:meta_value><![CDATA[2014/04/7.jpg]]></wp:meta_value>
		</wp:postmeta>
		<wp:postmeta>
			<wp:meta_key>_wp_attachment_metadata</wp:meta_key>
			<wp:meta_value><![CDATA[a:5:{s:5:"width";i:800;s:6:"height";i:600;s:4:"file";s:13:"2014/04/7.jpg";s:5:"sizes";a:3:{s:9:"thumbnail";a:4:{s:4:"file";s:13:"7-150x150.jpg";s:5:"width";i:150;s:6:"height";i:150;s:9:"mime-type";s:10:"image/jpeg";}s:6:"medium";a:4:{s:4:"file";s:13:"7-300x225.jpg";s:5:"width";i:300;s:6:"height";i:225;s:9:"mime-type";s:10:"image/jpeg";}s:11:"small-thumb";a:4:{s:4:"file";s:11:"7-54x54.jpg";s:5:"width";i:54;s:6:"height";i:54;s:9:"mime-type";s:10:"image/jpeg";}}s:10:"image_meta";a:10:{s:8:"aperture";i:0;s:6:"credit";s:0:"";s:6:"camera";s:0:"";s:7:"caption";s:0:"";s:17:"created_timestamp";i:0;s:9:"copyright";s:0:"";s:12:"focal_length";i:0;s:3:"iso";i:0;s:13:"shutter_speed";i:0;s:5:"title";s:0:"";}}]]></wp:meta_value>
		</wp:postmeta>
	</item>
	<item>
				<title>6</title>
		<link>http://bootstraptaste.com/wp/moderna/portfolio/portfolio-6/attachment/6/</link>
		<pubDate>Sun, 13 Apr 2014 10:54:48 +0000</pubDate>
		<dc:creator><![CDATA[admin]]></dc:creator>
		<guid isPermaLink="false">http://bootstraptaste.com/wp/moderna/wp-content/uploads/2014/04/6.jpg</guid>
		<description></description>
		<content:encoded><![CDATA[]]></content:encoded>
		<excerpt:encoded><![CDATA[]]></excerpt:encoded>
		<wp:post_id>28</wp:post_id>
		<wp:post_date>2014-04-13 10:54:48</wp:post_date>
		<wp:post_date_gmt>2014-04-13 10:54:48</wp:post_date_gmt>
		<wp:comment_status>open</wp:comment_status>
		<wp:ping_status>open</wp:ping_status>
		<wp:post_name>6</wp:post_name>
		<wp:status>inherit</wp:status>
		<wp:post_parent>27</wp:post_parent>
		<wp:menu_order>0</wp:menu_order>
		<wp:post_type>attachment</wp:post_type>
		<wp:post_password></wp:post_password>
		<wp:is_sticky>0</wp:is_sticky>
		<wp:attachment_url>http://bootstraptaste.com/wp/moderna/wp-content/uploads/2014/04/6.jpg</wp:attachment_url>
		<wp:postmeta>
			<wp:meta_key>_wp_attached_file</wp:meta_key>
			<wp:meta_value><![CDATA[2014/04/6.jpg]]></wp:meta_value>
		</wp:postmeta>
		<wp:postmeta>
			<wp:meta_key>_wp_attachment_metadata</wp:meta_key>
			<wp:meta_value><![CDATA[a:5:{s:5:"width";i:800;s:6:"height";i:600;s:4:"file";s:13:"2014/04/6.jpg";s:5:"sizes";a:3:{s:9:"thumbnail";a:4:{s:4:"file";s:13:"6-150x150.jpg";s:5:"width";i:150;s:6:"height";i:150;s:9:"mime-type";s:10:"image/jpeg";}s:6:"medium";a:4:{s:4:"file";s:13:"6-300x225.jpg";s:5:"width";i:300;s:6:"height";i:225;s:9:"mime-type";s:10:"image/jpeg";}s:11:"small-thumb";a:4:{s:4:"file";s:11:"6-54x54.jpg";s:5:"width";i:54;s:6:"height";i:54;s:9:"mime-type";s:10:"image/jpeg";}}s:10:"image_meta";a:10:{s:8:"aperture";i:0;s:6:"credit";s:0:"";s:6:"camera";s:0:"";s:7:"caption";s:0:"";s:17:"created_timestamp";i:0;s:9:"copyright";s:0:"";s:12:"focal_length";i:0;s:3:"iso";i:0;s:13:"shutter_speed";i:0;s:5:"title";s:0:"";}}]]></wp:meta_value>
		</wp:postmeta>
	</item>
	<item>
				<title>5</title>
		<link>http://bootstraptaste.com/wp/moderna/portfolio/portfolio-5/attachment/5/</link>
		<pubDate>Sun, 13 Apr 2014 10:55:12 +0000</pubDate>
		<dc:creator><![CDATA[admin]]></dc:creator>
		<guid isPermaLink="false">http://bootstraptaste.com/wp/moderna/wp-content/uploads/2014/04/5.jpg</guid>
		<description></description>
		<content:encoded><![CDATA[]]></content:encoded>
		<excerpt:encoded><![CDATA[]]></excerpt:encoded>
		<wp:post_id>31</wp:post_id>
		<wp:post_date>2014-04-13 10:55:12</wp:post_date>
		<wp:post_date_gmt>2014-04-13 10:55:12</wp:post_date_gmt>
		<wp:comment_status>open</wp:comment_status>
		<wp:ping_status>open</wp:ping_status>
		<wp:post_name>5</wp:post_name>
		<wp:status>inherit</wp:status>
		<wp:post_parent>30</wp:post_parent>
		<wp:menu_order>0</wp:menu_order>
		<wp:post_type>attachment</wp:post_type>
		<wp:post_password></wp:post_password>
		<wp:is_sticky>0</wp:is_sticky>
		<wp:attachment_url>http://bootstraptaste.com/wp/moderna/wp-content/uploads/2014/04/5.jpg</wp:attachment_url>
		<wp:postmeta>
			<wp:meta_key>_wp_attached_file</wp:meta_key>
			<wp:meta_value><![CDATA[2014/04/5.jpg]]></wp:meta_value>
		</wp:postmeta>
		<wp:postmeta>
			<wp:meta_key>_wp_attachment_metadata</wp:meta_key>
			<wp:meta_value><![CDATA[a:5:{s:5:"width";i:800;s:6:"height";i:600;s:4:"file";s:13:"2014/04/5.jpg";s:5:"sizes";a:3:{s:9:"thumbnail";a:4:{s:4:"file";s:13:"5-150x150.jpg";s:5:"width";i:150;s:6:"height";i:150;s:9:"mime-type";s:10:"image/jpeg";}s:6:"medium";a:4:{s:4:"file";s:13:"5-300x225.jpg";s:5:"width";i:300;s:6:"height";i:225;s:9:"mime-type";s:10:"image/jpeg";}s:11:"small-thumb";a:4:{s:4:"file";s:11:"5-54x54.jpg";s:5:"width";i:54;s:6:"height";i:54;s:9:"mime-type";s:10:"image/jpeg";}}s:10:"image_meta";a:10:{s:8:"aperture";i:0;s:6:"credit";s:0:"";s:6:"camera";s:0:"";s:7:"caption";s:0:"";s:17:"created_timestamp";i:0;s:9:"copyright";s:0:"";s:12:"focal_length";i:0;s:3:"iso";i:0;s:13:"shutter_speed";i:0;s:5:"title";s:0:"";}}]]></wp:meta_value>
		</wp:postmeta>
	</item>
	<item>
				<title>4</title>
		<link>http://bootstraptaste.com/wp/moderna/portfolio/portfolio-4/attachment/4/</link>
		<pubDate>Sun, 13 Apr 2014 10:55:38 +0000</pubDate>
		<dc:creator><![CDATA[admin]]></dc:creator>
		<guid isPermaLink="false">http://bootstraptaste.com/wp/moderna/wp-content/uploads/2014/04/4.jpg</guid>
		<description></description>
		<content:encoded><![CDATA[]]></content:encoded>
		<excerpt:encoded><![CDATA[]]></excerpt:encoded>
		<wp:post_id>34</wp:post_id>
		<wp:post_date>2014-04-13 10:55:38</wp:post_date>
		<wp:post_date_gmt>2014-04-13 10:55:38</wp:post_date_gmt>
		<wp:comment_status>open</wp:comment_status>
		<wp:ping_status>open</wp:ping_status>
		<wp:post_name>4</wp:post_name>
		<wp:status>inherit</wp:status>
		<wp:post_parent>33</wp:post_parent>
		<wp:menu_order>0</wp:menu_order>
		<wp:post_type>attachment</wp:post_type>
		<wp:post_password></wp:post_password>
		<wp:is_sticky>0</wp:is_sticky>
		<wp:attachment_url>http://bootstraptaste.com/wp/moderna/wp-content/uploads/2014/04/4.jpg</wp:attachment_url>
		<wp:postmeta>
			<wp:meta_key>_wp_attached_file</wp:meta_key>
			<wp:meta_value><![CDATA[2014/04/4.jpg]]></wp:meta_value>
		</wp:postmeta>
		<wp:postmeta>
			<wp:meta_key>_wp_attachment_metadata</wp:meta_key>
			<wp:meta_value><![CDATA[a:5:{s:5:"width";i:800;s:6:"height";i:600;s:4:"file";s:13:"2014/04/4.jpg";s:5:"sizes";a:3:{s:9:"thumbnail";a:4:{s:4:"file";s:13:"4-150x150.jpg";s:5:"width";i:150;s:6:"height";i:150;s:9:"mime-type";s:10:"image/jpeg";}s:6:"medium";a:4:{s:4:"file";s:13:"4-300x225.jpg";s:5:"width";i:300;s:6:"height";i:225;s:9:"mime-type";s:10:"image/jpeg";}s:11:"small-thumb";a:4:{s:4:"file";s:11:"4-54x54.jpg";s:5:"width";i:54;s:6:"height";i:54;s:9:"mime-type";s:10:"image/jpeg";}}s:10:"image_meta";a:10:{s:8:"aperture";i:0;s:6:"credit";s:0:"";s:6:"camera";s:0:"";s:7:"caption";s:0:"";s:17:"created_timestamp";i:0;s:9:"copyright";s:0:"";s:12:"focal_length";i:0;s:3:"iso";i:0;s:13:"shutter_speed";i:0;s:5:"title";s:0:"";}}]]></wp:meta_value>
		</wp:postmeta>
	</item>
	<item>
				<title>3</title>
		<link>http://bootstraptaste.com/wp/moderna/portfolio/portfolio-3/3-2/</link>
		<pubDate>Sun, 13 Apr 2014 10:56:03 +0000</pubDate>
		<dc:creator><![CDATA[admin]]></dc:creator>
		<guid isPermaLink="false">http://bootstraptaste.com/wp/moderna/wp-content/uploads/2014/04/31.jpg</guid>
		<description></description>
		<content:encoded><![CDATA[]]></content:encoded>
		<excerpt:encoded><![CDATA[]]></excerpt:encoded>
		<wp:post_id>37</wp:post_id>
		<wp:post_date>2014-04-13 10:56:03</wp:post_date>
		<wp:post_date_gmt>2014-04-13 10:56:03</wp:post_date_gmt>
		<wp:comment_status>open</wp:comment_status>
		<wp:ping_status>open</wp:ping_status>
		<wp:post_name>3-2</wp:post_name>
		<wp:status>inherit</wp:status>
		<wp:post_parent>36</wp:post_parent>
		<wp:menu_order>0</wp:menu_order>
		<wp:post_type>attachment</wp:post_type>
		<wp:post_password></wp:post_password>
		<wp:is_sticky>0</wp:is_sticky>
		<wp:attachment_url>http://bootstraptaste.com/wp/moderna/wp-content/uploads/2014/04/31.jpg</wp:attachment_url>
		<wp:postmeta>
			<wp:meta_key>_wp_attached_file</wp:meta_key>
			<wp:meta_value><![CDATA[2014/04/31.jpg]]></wp:meta_value>
		</wp:postmeta>
		<wp:postmeta>
			<wp:meta_key>_wp_attachment_metadata</wp:meta_key>
			<wp:meta_value><![CDATA[a:5:{s:5:"width";i:800;s:6:"height";i:600;s:4:"file";s:14:"2014/04/31.jpg";s:5:"sizes";a:3:{s:9:"thumbnail";a:4:{s:4:"file";s:14:"31-150x150.jpg";s:5:"width";i:150;s:6:"height";i:150;s:9:"mime-type";s:10:"image/jpeg";}s:6:"medium";a:4:{s:4:"file";s:14:"31-300x225.jpg";s:5:"width";i:300;s:6:"height";i:225;s:9:"mime-type";s:10:"image/jpeg";}s:11:"small-thumb";a:4:{s:4:"file";s:12:"31-54x54.jpg";s:5:"width";i:54;s:6:"height";i:54;s:9:"mime-type";s:10:"image/jpeg";}}s:10:"image_meta";a:10:{s:8:"aperture";i:0;s:6:"credit";s:0:"";s:6:"camera";s:0:"";s:7:"caption";s:0:"";s:17:"created_timestamp";i:0;s:9:"copyright";s:0:"";s:12:"focal_length";i:0;s:3:"iso";i:0;s:13:"shutter_speed";i:0;s:5:"title";s:0:"";}}]]></wp:meta_value>
		</wp:postmeta>
	</item>
	<item>
				<title>2</title>
		<link>http://bootstraptaste.com/wp/moderna/portfolio/portfolio-2/2-2/</link>
		<pubDate>Sun, 13 Apr 2014 10:56:28 +0000</pubDate>
		<dc:creator><![CDATA[admin]]></dc:creator>
		<guid isPermaLink="false">http://bootstraptaste.com/wp/moderna/wp-content/uploads/2014/04/21.jpg</guid>
		<description></description>
		<content:encoded><![CDATA[]]></content:encoded>
		<excerpt:encoded><![CDATA[]]></excerpt:encoded>
		<wp:post_id>40</wp:post_id>
		<wp:post_date>2014-04-13 10:56:28</wp:post_date>
		<wp:post_date_gmt>2014-04-13 10:56:28</wp:post_date_gmt>
		<wp:comment_status>open</wp:comment_status>
		<wp:ping_status>open</wp:ping_status>
		<wp:post_name>2-2</wp:post_name>
		<wp:status>inherit</wp:status>
		<wp:post_parent>39</wp:post_parent>
		<wp:menu_order>0</wp:menu_order>
		<wp:post_type>attachment</wp:post_type>
		<wp:post_password></wp:post_password>
		<wp:is_sticky>0</wp:is_sticky>
		<wp:attachment_url>http://bootstraptaste.com/wp/moderna/wp-content/uploads/2014/04/21.jpg</wp:attachment_url>
		<wp:postmeta>
			<wp:meta_key>_wp_attached_file</wp:meta_key>
			<wp:meta_value><![CDATA[2014/04/21.jpg]]></wp:meta_value>
		</wp:postmeta>
		<wp:postmeta>
			<wp:meta_key>_wp_attachment_metadata</wp:meta_key>
			<wp:meta_value><![CDATA[a:5:{s:5:"width";i:800;s:6:"height";i:600;s:4:"file";s:14:"2014/04/21.jpg";s:5:"sizes";a:3:{s:9:"thumbnail";a:4:{s:4:"file";s:14:"21-150x150.jpg";s:5:"width";i:150;s:6:"height";i:150;s:9:"mime-type";s:10:"image/jpeg";}s:6:"medium";a:4:{s:4:"file";s:14:"21-300x225.jpg";s:5:"width";i:300;s:6:"height";i:225;s:9:"mime-type";s:10:"image/jpeg";}s:11:"small-thumb";a:4:{s:4:"file";s:12:"21-54x54.jpg";s:5:"width";i:54;s:6:"height";i:54;s:9:"mime-type";s:10:"image/jpeg";}}s:10:"image_meta";a:10:{s:8:"aperture";i:0;s:6:"credit";s:0:"";s:6:"camera";s:0:"";s:7:"caption";s:0:"";s:17:"created_timestamp";i:0;s:9:"copyright";s:0:"";s:12:"focal_length";i:0;s:3:"iso";i:0;s:13:"shutter_speed";i:0;s:5:"title";s:0:"";}}]]></wp:meta_value>
		</wp:postmeta>
	</item>
	<item>
				<title>1</title>
		<link>http://bootstraptaste.com/wp/moderna/portfolio/portfolio-1/1-2/</link>
		<pubDate>Sun, 13 Apr 2014 10:56:50 +0000</pubDate>
		<dc:creator><![CDATA[admin]]></dc:creator>
		<guid isPermaLink="false">http://bootstraptaste.com/wp/moderna/wp-content/uploads/2014/04/11.jpg</guid>
		<description></description>
		<content:encoded><![CDATA[]]></content:encoded>
		<excerpt:encoded><![CDATA[]]></excerpt:encoded>
		<wp:post_id>43</wp:post_id>
		<wp:post_date>2014-04-13 10:56:50</wp:post_date>
		<wp:post_date_gmt>2014-04-13 10:56:50</wp:post_date_gmt>
		<wp:comment_status>open</wp:comment_status>
		<wp:ping_status>open</wp:ping_status>
		<wp:post_name>1-2</wp:post_name>
		<wp:status>inherit</wp:status>
		<wp:post_parent>42</wp:post_parent>
		<wp:menu_order>0</wp:menu_order>
		<wp:post_type>attachment</wp:post_type>
		<wp:post_password></wp:post_password>
		<wp:is_sticky>0</wp:is_sticky>
		<wp:attachment_url>http://bootstraptaste.com/wp/moderna/wp-content/uploads/2014/04/11.jpg</wp:attachment_url>
		<wp:postmeta>
			<wp:meta_key>_wp_attached_file</wp:meta_key>
			<wp:meta_value><![CDATA[2014/04/11.jpg]]></wp:meta_value>
		</wp:postmeta>
		<wp:postmeta>
			<wp:meta_key>_wp_attachment_metadata</wp:meta_key>
			<wp:meta_value><![CDATA[a:5:{s:5:"width";i:800;s:6:"height";i:600;s:4:"file";s:14:"2014/04/11.jpg";s:5:"sizes";a:3:{s:9:"thumbnail";a:4:{s:4:"file";s:14:"11-150x150.jpg";s:5:"width";i:150;s:6:"height";i:150;s:9:"mime-type";s:10:"image/jpeg";}s:6:"medium";a:4:{s:4:"file";s:14:"11-300x225.jpg";s:5:"width";i:300;s:6:"height";i:225;s:9:"mime-type";s:10:"image/jpeg";}s:11:"small-thumb";a:4:{s:4:"file";s:12:"11-54x54.jpg";s:5:"width";i:54;s:6:"height";i:54;s:9:"mime-type";s:10:"image/jpeg";}}s:10:"image_meta";a:10:{s:8:"aperture";i:0;s:6:"credit";s:0:"";s:6:"camera";s:0:"";s:7:"caption";s:0:"";s:17:"created_timestamp";i:0;s:9:"copyright";s:0:"";s:12:"focal_length";i:0;s:3:"iso";i:0;s:13:"shutter_speed";i:0;s:5:"title";s:0:"";}}]]></wp:meta_value>
		</wp:postmeta>
	</item>
	<item>
				<title></title>
		<link>http://bootstraptaste.com/wp/moderna/47/</link>
		<pubDate>Sun, 13 Apr 2014 10:57:40 +0000</pubDate>
		<dc:creator><![CDATA[admin]]></dc:creator>
		<guid isPermaLink="false">http://bootstraptaste.com/wp/moderna/?p=47</guid>
		<description></description>
		<content:encoded><![CDATA[ ]]></content:encoded>
		<excerpt:encoded><![CDATA[]]></excerpt:encoded>
		<wp:post_id>47</wp:post_id>
		<wp:post_date>2014-04-13 10:57:40</wp:post_date>
		<wp:post_date_gmt>2014-04-13 10:57:40</wp:post_date_gmt>
		<wp:comment_status>open</wp:comment_status>
		<wp:ping_status>open</wp:ping_status>
		<wp:post_name>47</wp:post_name>
		<wp:status>publish</wp:status>
		<wp:post_parent>0</wp:post_parent>
		<wp:menu_order>1</wp:menu_order>
		<wp:post_type>nav_menu_item</wp:post_type>
		<wp:post_password></wp:post_password>
		<wp:is_sticky>0</wp:is_sticky>
		<category domain="nav_menu" nicename="top-menu"><![CDATA[Top menu]]></category>
		<wp:postmeta>
			<wp:meta_key>_menu_item_type</wp:meta_key>
			<wp:meta_value><![CDATA[post_type]]></wp:meta_value>
		</wp:postmeta>
		<wp:postmeta>
			<wp:meta_key>_menu_item_menu_item_parent</wp:meta_key>
			<wp:meta_value><![CDATA[0]]></wp:meta_value>
		</wp:postmeta>
		<wp:postmeta>
			<wp:meta_key>_menu_item_object_id</wp:meta_key>
			<wp:meta_value><![CDATA[5]]></wp:meta_value>
		</wp:postmeta>
		<wp:postmeta>
			<wp:meta_key>_menu_item_object</wp:meta_key>
			<wp:meta_value><![CDATA[page]]></wp:meta_value>
		</wp:postmeta>
		<wp:postmeta>
			<wp:meta_key>_menu_item_target</wp:meta_key>
			<wp:meta_value><![CDATA[]]></wp:meta_value>
		</wp:postmeta>
		<wp:postmeta>
			<wp:meta_key>_menu_item_classes</wp:meta_key>
			<wp:meta_value><![CDATA[a:1:{i:0;s:0:"";}]]></wp:meta_value>
		</wp:postmeta>
		<wp:postmeta>
			<wp:meta_key>_menu_item_xfn</wp:meta_key>
			<wp:meta_value><![CDATA[]]></wp:meta_value>
		</wp:postmeta>
		<wp:postmeta>
			<wp:meta_key>_menu_item_url</wp:meta_key>
			<wp:meta_value><![CDATA[]]></wp:meta_value>
		</wp:postmeta>
	</item>
	<item>
				<title></title>
		<link>http://bootstraptaste.com/wp/moderna/48/</link>
		<pubDate>Sun, 13 Apr 2014 10:57:40 +0000</pubDate>
		<dc:creator><![CDATA[admin]]></dc:creator>
		<guid isPermaLink="false">http://bootstraptaste.com/wp/moderna/?p=48</guid>
		<description></description>
		<content:encoded><![CDATA[ ]]></content:encoded>
		<excerpt:encoded><![CDATA[]]></excerpt:encoded>
		<wp:post_id>48</wp:post_id>
		<wp:post_date>2014-04-13 10:57:40</wp:post_date>
		<wp:post_date_gmt>2014-04-13 10:57:40</wp:post_date_gmt>
		<wp:comment_status>open</wp:comment_status>
		<wp:ping_status>open</wp:ping_status>
		<wp:post_name>48</wp:post_name>
		<wp:status>publish</wp:status>
		<wp:post_parent>0</wp:post_parent>
		<wp:menu_order>5</wp:menu_order>
		<wp:post_type>nav_menu_item</wp:post_type>
		<wp:post_password></wp:post_password>
		<wp:is_sticky>0</wp:is_sticky>
		<category domain="nav_menu" nicename="top-menu"><![CDATA[Top menu]]></category>
		<wp:postmeta>
			<wp:meta_key>_menu_item_type</wp:meta_key>
			<wp:meta_value><![CDATA[post_type]]></wp:meta_value>
		</wp:postmeta>
		<wp:postmeta>
			<wp:meta_key>_menu_item_menu_item_parent</wp:meta_key>
			<wp:meta_value><![CDATA[0]]></wp:meta_value>
		</wp:postmeta>
		<wp:postmeta>
			<wp:meta_key>_menu_item_object_id</wp:meta_key>
			<wp:meta_value><![CDATA[45]]></wp:meta_value>
		</wp:postmeta>
		<wp:postmeta>
			<wp:meta_key>_menu_item_object</wp:meta_key>
			<wp:meta_value><![CDATA[page]]></wp:meta_value>
		</wp:postmeta>
		<wp:postmeta>
			<wp:meta_key>_menu_item_target</wp:meta_key>
			<wp:meta_value><![CDATA[]]></wp:meta_value>
		</wp:postmeta>
		<wp:postmeta>
			<wp:meta_key>_menu_item_classes</wp:meta_key>
			<wp:meta_value><![CDATA[a:1:{i:0;s:0:"";}]]></wp:meta_value>
		</wp:postmeta>
		<wp:postmeta>
			<wp:meta_key>_menu_item_xfn</wp:meta_key>
			<wp:meta_value><![CDATA[]]></wp:meta_value>
		</wp:postmeta>
		<wp:postmeta>
			<wp:meta_key>_menu_item_url</wp:meta_key>
			<wp:meta_value><![CDATA[]]></wp:meta_value>
		</wp:postmeta>
	</item>
	<item>
				<title></title>
		<link>http://bootstraptaste.com/wp/moderna/53/</link>
		<pubDate>Sun, 13 Apr 2014 10:58:40 +0000</pubDate>
		<dc:creator><![CDATA[admin]]></dc:creator>
		<guid isPermaLink="false">http://bootstraptaste.com/wp/moderna/?p=53</guid>
		<description></description>
		<content:encoded><![CDATA[ ]]></content:encoded>
		<excerpt:encoded><![CDATA[]]></excerpt:encoded>
		<wp:post_id>53</wp:post_id>
		<wp:post_date>2014-04-13 10:58:40</wp:post_date>
		<wp:post_date_gmt>2014-04-13 10:58:40</wp:post_date_gmt>
		<wp:comment_status>open</wp:comment_status>
		<wp:ping_status>open</wp:ping_status>
		<wp:post_name>53</wp:post_name>
		<wp:status>publish</wp:status>
		<wp:post_parent>0</wp:post_parent>
		<wp:menu_order>7</wp:menu_order>
		<wp:post_type>nav_menu_item</wp:post_type>
		<wp:post_password></wp:post_password>
		<wp:is_sticky>0</wp:is_sticky>
		<category domain="nav_menu" nicename="top-menu"><![CDATA[Top menu]]></category>
		<wp:postmeta>
			<wp:meta_key>_menu_item_type</wp:meta_key>
			<wp:meta_value><![CDATA[post_type]]></wp:meta_value>
		</wp:postmeta>
		<wp:postmeta>
			<wp:meta_key>_menu_item_menu_item_parent</wp:meta_key>
			<wp:meta_value><![CDATA[0]]></wp:meta_value>
		</wp:postmeta>
		<wp:postmeta>
			<wp:meta_key>_menu_item_object_id</wp:meta_key>
			<wp:meta_value><![CDATA[51]]></wp:meta_value>
		</wp:postmeta>
		<wp:postmeta>
			<wp:meta_key>_menu_item_object</wp:meta_key>
			<wp:meta_value><![CDATA[page]]></wp:meta_value>
		</wp:postmeta>
		<wp:postmeta>
			<wp:meta_key>_menu_item_target</wp:meta_key>
			<wp:meta_value><![CDATA[]]></wp:meta_value>
		</wp:postmeta>
		<wp:postmeta>
			<wp:meta_key>_menu_item_classes</wp:meta_key>
			<wp:meta_value><![CDATA[a:1:{i:0;s:0:"";}]]></wp:meta_value>
		</wp:postmeta>
		<wp:postmeta>
			<wp:meta_key>_menu_item_xfn</wp:meta_key>
			<wp:meta_value><![CDATA[]]></wp:meta_value>
		</wp:postmeta>
		<wp:postmeta>
			<wp:meta_key>_menu_item_url</wp:meta_key>
			<wp:meta_value><![CDATA[]]></wp:meta_value>
		</wp:postmeta>
	</item>
	<item>
				<title>img1</title>
		<link>http://bootstraptaste.com/wp/moderna/hello-world/img1/</link>
		<pubDate>Sun, 13 Apr 2014 12:17:16 +0000</pubDate>
		<dc:creator><![CDATA[admin]]></dc:creator>
		<guid isPermaLink="false">http://bootstraptaste.com/wp/moderna/wp-content/uploads/2014/04/img1.jpg</guid>
		<description></description>
		<content:encoded><![CDATA[]]></content:encoded>
		<excerpt:encoded><![CDATA[]]></excerpt:encoded>
		<wp:post_id>103</wp:post_id>
		<wp:post_date>2014-04-13 12:17:16</wp:post_date>
		<wp:post_date_gmt>2014-04-13 12:17:16</wp:post_date_gmt>
		<wp:comment_status>open</wp:comment_status>
		<wp:ping_status>open</wp:ping_status>
		<wp:post_name>img1</wp:post_name>
		<wp:status>inherit</wp:status>
		<wp:post_parent>1</wp:post_parent>
		<wp:menu_order>0</wp:menu_order>
		<wp:post_type>attachment</wp:post_type>
		<wp:post_password></wp:post_password>
		<wp:is_sticky>0</wp:is_sticky>
		<wp:attachment_url>http://bootstraptaste.com/wp/moderna/wp-content/uploads/2014/04/img1.jpg</wp:attachment_url>
		<wp:postmeta>
			<wp:meta_key>_wp_attached_file</wp:meta_key>
			<wp:meta_value><![CDATA[2014/04/img1.jpg]]></wp:meta_value>
		</wp:postmeta>
		<wp:postmeta>
			<wp:meta_key>_wp_attachment_metadata</wp:meta_key>
			<wp:meta_value><![CDATA[a:5:{s:5:"width";i:800;s:6:"height";i:450;s:4:"file";s:16:"2014/04/img1.jpg";s:5:"sizes";a:3:{s:9:"thumbnail";a:4:{s:4:"file";s:16:"img1-150x150.jpg";s:5:"width";i:150;s:6:"height";i:150;s:9:"mime-type";s:10:"image/jpeg";}s:6:"medium";a:4:{s:4:"file";s:16:"img1-300x168.jpg";s:5:"width";i:300;s:6:"height";i:168;s:9:"mime-type";s:10:"image/jpeg";}s:11:"small-thumb";a:4:{s:4:"file";s:14:"img1-54x54.jpg";s:5:"width";i:54;s:6:"height";i:54;s:9:"mime-type";s:10:"image/jpeg";}}s:10:"image_meta";a:10:{s:8:"aperture";i:0;s:6:"credit";s:0:"";s:6:"camera";s:0:"";s:7:"caption";s:0:"";s:17:"created_timestamp";i:0;s:9:"copyright";s:0:"";s:12:"focal_length";i:0;s:3:"iso";i:0;s:13:"shutter_speed";i:0;s:5:"title";s:0:"";}}]]></wp:meta_value>
		</wp:postmeta>
	</item>
	<item>
				<title>img2</title>
		<link>http://bootstraptaste.com/wp/moderna/volumus-intellegebat-has-exper-in/img2/</link>
		<pubDate>Sun, 13 Apr 2014 12:18:36 +0000</pubDate>
		<dc:creator><![CDATA[admin]]></dc:creator>
		<guid isPermaLink="false">http://bootstraptaste.com/wp/moderna/wp-content/uploads/2014/04/img2.jpg</guid>
		<description></description>
		<content:encoded><![CDATA[]]></content:encoded>
		<excerpt:encoded><![CDATA[]]></excerpt:encoded>
		<wp:post_id>106</wp:post_id>
		<wp:post_date>2014-04-13 12:18:36</wp:post_date>
		<wp:post_date_gmt>2014-04-13 12:18:36</wp:post_date_gmt>
		<wp:comment_status>open</wp:comment_status>
		<wp:ping_status>open</wp:ping_status>
		<wp:post_name>img2</wp:post_name>
		<wp:status>inherit</wp:status>
		<wp:post_parent>105</wp:post_parent>
		<wp:menu_order>0</wp:menu_order>
		<wp:post_type>attachment</wp:post_type>
		<wp:post_password></wp:post_password>
		<wp:is_sticky>0</wp:is_sticky>
		<wp:attachment_url>http://bootstraptaste.com/wp/moderna/wp-content/uploads/2014/04/img2.jpg</wp:attachment_url>
		<wp:postmeta>
			<wp:meta_key>_wp_attached_file</wp:meta_key>
			<wp:meta_value><![CDATA[2014/04/img2.jpg]]></wp:meta_value>
		</wp:postmeta>
		<wp:postmeta>
			<wp:meta_key>_wp_attachment_metadata</wp:meta_key>
			<wp:meta_value><![CDATA[a:5:{s:5:"width";i:800;s:6:"height";i:450;s:4:"file";s:16:"2014/04/img2.jpg";s:5:"sizes";a:3:{s:9:"thumbnail";a:4:{s:4:"file";s:16:"img2-150x150.jpg";s:5:"width";i:150;s:6:"height";i:150;s:9:"mime-type";s:10:"image/jpeg";}s:6:"medium";a:4:{s:4:"file";s:16:"img2-300x168.jpg";s:5:"width";i:300;s:6:"height";i:168;s:9:"mime-type";s:10:"image/jpeg";}s:11:"small-thumb";a:4:{s:4:"file";s:14:"img2-54x54.jpg";s:5:"width";i:54;s:6:"height";i:54;s:9:"mime-type";s:10:"image/jpeg";}}s:10:"image_meta";a:10:{s:8:"aperture";i:0;s:6:"credit";s:0:"";s:6:"camera";s:0:"";s:7:"caption";s:0:"";s:17:"created_timestamp";i:0;s:9:"copyright";s:0:"";s:12:"focal_length";i:0;s:3:"iso";i:0;s:13:"shutter_speed";i:0;s:5:"title";s:0:"";}}]]></wp:meta_value>
		</wp:postmeta>
	</item>
	<item>
				<title>img3</title>
		<link>http://bootstraptaste.com/wp/moderna/cu-eos-sale-sanctus-eligendi/img3/</link>
		<pubDate>Sun, 13 Apr 2014 12:19:38 +0000</pubDate>
		<dc:creator><![CDATA[admin]]></dc:creator>
		<guid isPermaLink="false">http://bootstraptaste.com/wp/moderna/wp-content/uploads/2014/04/img3.jpg</guid>
		<description></description>
		<content:encoded><![CDATA[]]></content:encoded>
		<excerpt:encoded><![CDATA[]]></excerpt:encoded>
		<wp:post_id>109</wp:post_id>
		<wp:post_date>2014-04-13 12:19:38</wp:post_date>
		<wp:post_date_gmt>2014-04-13 12:19:38</wp:post_date_gmt>
		<wp:comment_status>open</wp:comment_status>
		<wp:ping_status>open</wp:ping_status>
		<wp:post_name>img3</wp:post_name>
		<wp:status>inherit</wp:status>
		<wp:post_parent>108</wp:post_parent>
		<wp:menu_order>0</wp:menu_order>
		<wp:post_type>attachment</wp:post_type>
		<wp:post_password></wp:post_password>
		<wp:is_sticky>0</wp:is_sticky>
		<wp:attachment_url>http://bootstraptaste.com/wp/moderna/wp-content/uploads/2014/04/img3.jpg</wp:attachment_url>
		<wp:postmeta>
			<wp:meta_key>_wp_attached_file</wp:meta_key>
			<wp:meta_value><![CDATA[2014/04/img3.jpg]]></wp:meta_value>
		</wp:postmeta>
		<wp:postmeta>
			<wp:meta_key>_wp_attachment_metadata</wp:meta_key>
			<wp:meta_value><![CDATA[a:5:{s:5:"width";i:800;s:6:"height";i:450;s:4:"file";s:16:"2014/04/img3.jpg";s:5:"sizes";a:3:{s:9:"thumbnail";a:4:{s:4:"file";s:16:"img3-150x150.jpg";s:5:"width";i:150;s:6:"height";i:150;s:9:"mime-type";s:10:"image/jpeg";}s:6:"medium";a:4:{s:4:"file";s:16:"img3-300x168.jpg";s:5:"width";i:300;s:6:"height";i:168;s:9:"mime-type";s:10:"image/jpeg";}s:11:"small-thumb";a:4:{s:4:"file";s:14:"img3-54x54.jpg";s:5:"width";i:54;s:6:"height";i:54;s:9:"mime-type";s:10:"image/jpeg";}}s:10:"image_meta";a:10:{s:8:"aperture";i:0;s:6:"credit";s:0:"";s:6:"camera";s:0:"";s:7:"caption";s:0:"";s:17:"created_timestamp";i:0;s:9:"copyright";s:0:"";s:12:"focal_length";i:0;s:3:"iso";i:0;s:13:"shutter_speed";i:0;s:5:"title";s:0:"";}}]]></wp:meta_value>
		</wp:postmeta>
	</item>
	<item>
				<title>Lorem ipsum dolor sit amet</title>
		<link>http://bootstraptaste.com/wp/moderna/hello-world/</link>
		<pubDate>Wed, 09 Apr 2014 04:46:32 +0000</pubDate>
		<dc:creator><![CDATA[admin]]></dc:creator>
		<guid isPermaLink="false">http://localhost/wordpress-3.8.2/wordpress/?p=1</guid>
		<description></description>
		<content:encoded><![CDATA[Qui ut ceteros comprehensam. Cu eos sale sanctus eligendi, id ius elitr saperet, ocurreret pertinacia pri an. No mei nibh consectetuer, semper laoreet perfecto ad qui, est rebum nulla argumentum ei. Fierent adipisci iracundia est ei, usu timeam persius ea. Usu ea justo malis, pri quando everti electram ei, ex homero omittam salutatus sed.

Lorem ipsum dolor sit amet, an eum wisi probo homero, at utinam adipisci interpretaris sit. Usu molestiae reprimique disputationi eu, civibus partiendo mea an, no quodsi salutandi signiferumque nam. Populo viderer detraxit vel an, an nec eirmod discere necessitatibus.

Quo natum commodo dolorum et, eu case putant option mel. Volumus intellegebat has ex, per in case viris. Ex per duis cetero, et vidisse bonorum has. Vis maluisset appellantur no, et eos suas intellegam.]]></content:encoded>
		<excerpt:encoded><![CDATA[]]></excerpt:encoded>
		<wp:post_id>1</wp:post_id>
		<wp:post_date>2014-04-09 04:46:32</wp:post_date>
		<wp:post_date_gmt>2014-04-09 04:46:32</wp:post_date_gmt>
		<wp:comment_status>open</wp:comment_status>
		<wp:ping_status>open</wp:ping_status>
		<wp:post_name>hello-world</wp:post_name>
		<wp:status>publish</wp:status>
		<wp:post_parent>0</wp:post_parent>
		<wp:menu_order>0</wp:menu_order>
		<wp:post_type>post</wp:post_type>
		<wp:post_password></wp:post_password>
		<wp:is_sticky>0</wp:is_sticky>
		<category domain="post_tag" nicename="article"><![CDATA[Article]]></category>
		<category domain="category" nicename="blog"><![CDATA[Blog]]></category>
		<category domain="post_tag" nicename="blog"><![CDATA[Blog]]></category>
		<category domain="post_tag" nicename="post"><![CDATA[Post]]></category>
		<wp:postmeta>
			<wp:meta_key>_thumbnail_id</wp:meta_key>
			<wp:meta_value><![CDATA[103]]></wp:meta_value>
		</wp:postmeta>
		<wp:postmeta>
			<wp:meta_key>_edit_last</wp:meta_key>
			<wp:meta_value><![CDATA[1]]></wp:meta_value>
		</wp:postmeta>
		<wp:comment>
			<wp:comment_id>1</wp:comment_id>
			<wp:comment_author><![CDATA[Mr WordPress]]></wp:comment_author>
			<wp:comment_author_email></wp:comment_author_email>
			<wp:comment_author_url>http://wordpress.org/</wp:comment_author_url>
			<wp:comment_author_IP></wp:comment_author_IP>
			<wp:comment_date>2014-04-13 07:43:08</wp:comment_date>
			<wp:comment_date_gmt>2014-04-13 07:43:08</wp:comment_date_gmt>
			<wp:comment_content><![CDATA[Hi, this is a comment.<br />To delete a comment, just log in and view the post&#039;s comments. There you will have the option to edit or delete them.]]></wp:comment_content>
			<wp:comment_approved>1</wp:comment_approved>
			<wp:comment_type></wp:comment_type>
			<wp:comment_parent>0</wp:comment_parent>
			<wp:comment_user_id>0</wp:comment_user_id>
		</wp:comment>
	</item>
	<item>
				<title>Sample Page</title>
		<link>http://bootstraptaste.com/wp/moderna/sample-page/</link>
		<pubDate>Wed, 09 Apr 2014 04:46:32 +0000</pubDate>
		<dc:creator><![CDATA[admin]]></dc:creator>
		<guid isPermaLink="false">http://localhost/wordpress-3.8.2/wordpress/?page_id=2</guid>
		<description></description>
		<content:encoded><![CDATA[This is an example page. It's different from a blog post because it will stay in one place and will show up in your site navigation (in most themes). Most people start with an About page that introduces them to potential site visitors. It might say something like this:

<blockquote>Hi there! I'm a bike messenger by day, aspiring actor by night, and this is my blog. I live in Los Angeles, have a great dog named Jack, and I like pi&#241;a coladas. (And gettin' caught in the rain.)</blockquote>

...or something like this:

<blockquote>The XYZ Doohickey Company was founded in 1971, and has been providing quality doohickeys to the public ever since. Located in Gotham City, XYZ employs over 2,000 people and does all kinds of awesome things for the Gotham community.</blockquote>

As a new WordPress user, you should go to <a href="http://localhost/wordpress-3.8.2/wordpress/wp-admin/">your dashboard</a> to delete this page and create new pages for your content. Have fun!]]></content:encoded>
		<excerpt:encoded><![CDATA[]]></excerpt:encoded>
		<wp:post_id>2</wp:post_id>
		<wp:post_date>2014-04-09 04:46:32</wp:post_date>
		<wp:post_date_gmt>2014-04-09 04:46:32</wp:post_date_gmt>
		<wp:comment_status>open</wp:comment_status>
		<wp:ping_status>open</wp:ping_status>
		<wp:post_name>sample-page</wp:post_name>
		<wp:status>trash</wp:status>
		<wp:post_parent>0</wp:post_parent>
		<wp:menu_order>0</wp:menu_order>
		<wp:post_type>page</wp:post_type>
		<wp:post_password></wp:post_password>
		<wp:is_sticky>0</wp:is_sticky>
		<wp:postmeta>
			<wp:meta_key>_wp_page_template</wp:meta_key>
			<wp:meta_value><![CDATA[default]]></wp:meta_value>
		</wp:postmeta>
		<wp:postmeta>
			<wp:meta_key>_wp_trash_meta_status</wp:meta_key>
			<wp:meta_value><![CDATA[publish]]></wp:meta_value>
		</wp:postmeta>
		<wp:postmeta>
			<wp:meta_key>_wp_trash_meta_time</wp:meta_key>
			<wp:meta_value><![CDATA[1397391329]]></wp:meta_value>
		</wp:postmeta>
	</item>
	<item>
				<title>Home</title>
		<link>http://bootstraptaste.com/wp/moderna/</link>
		<pubDate>Sun, 13 Apr 2014 10:43:07 +0000</pubDate>
		<dc:creator><![CDATA[admin]]></dc:creator>
		<guid isPermaLink="false">http://bootstraptaste.com/wp/moderna/?page_id=5</guid>
		<description></description>
		<content:encoded><![CDATA[[row]
[column md="3"]
[box title="Fully responsive" icon="fa-desktop" button="Learn more" url="#" content="Voluptatem accusantium doloremque laudantium sprea totam rem aperiam. "]
[/column]
[column md="3"]

[box title="Modern Style" icon="fa-pagelines" button="Learn more" url="#" content="Voluptatem accusantium doloremque laudantium sprea totam rem aperiam. "]
[/column]

[column md="3"]

[box title="Customizable" icon="fa-edit" button="Learn more" url="#" content="Voluptatem accusantium doloremque laudantium sprea totam rem aperiam. "]
[/column]

[column md="3"]

[box title="Valid HTML5" icon="fa-code" button="Learn more" url="#" content="Voluptatem accusantium doloremque laudantium sprea totam rem aperiam. "]
[/column]
[/row]

&nbsp;

[row]
[column md="12"]
[dividerline type="solidline"]
[/column]
[/row]

[row]
[column md="12"]
[latestworks title="Recent Works" count="4"]
[/column]
[/row]

&nbsp;]]></content:encoded>
		<excerpt:encoded><![CDATA[]]></excerpt:encoded>
		<wp:post_id>5</wp:post_id>
		<wp:post_date>2014-04-13 10:43:07</wp:post_date>
		<wp:post_date_gmt>2014-04-13 10:43:07</wp:post_date_gmt>
		<wp:comment_status>open</wp:comment_status>
		<wp:ping_status>open</wp:ping_status>
		<wp:post_name>home</wp:post_name>
		<wp:status>publish</wp:status>
		<wp:post_parent>0</wp:post_parent>
		<wp:menu_order>0</wp:menu_order>
		<wp:post_type>page</wp:post_type>
		<wp:post_password></wp:post_password>
		<wp:is_sticky>0</wp:is_sticky>
		<wp:postmeta>
			<wp:meta_key>_edit_last</wp:meta_key>
			<wp:meta_value><![CDATA[1]]></wp:meta_value>
		</wp:postmeta>
		<wp:postmeta>
			<wp:meta_key>_wp_page_template</wp:meta_key>
			<wp:meta_value><![CDATA[templates/page-home.php]]></wp:meta_value>
		</wp:postmeta>
	</item>
	<item>
				<title>Portfolio 8</title>
		<link>http://bootstraptaste.com/wp/moderna/portfolio/portfolio-8/</link>
		<pubDate>Sun, 13 Apr 2014 10:53:44 +0000</pubDate>
		<dc:creator><![CDATA[admin]]></dc:creator>
		<guid isPermaLink="false">http://bootstraptaste.com/wp/moderna/?post_type=portfolio&#038;p=21</guid>
		<description></description>
		<content:encoded><![CDATA[]]></content:encoded>
		<excerpt:encoded><![CDATA[]]></excerpt:encoded>
		<wp:post_id>21</wp:post_id>
		<wp:post_date>2014-04-13 10:53:44</wp:post_date>
		<wp:post_date_gmt>2014-04-13 10:53:44</wp:post_date_gmt>
		<wp:comment_status>closed</wp:comment_status>
		<wp:ping_status>closed</wp:ping_status>
		<wp:post_name>portfolio-8</wp:post_name>
		<wp:status>publish</wp:status>
		<wp:post_parent>0</wp:post_parent>
		<wp:menu_order>0</wp:menu_order>
		<wp:post_type>portfolio</wp:post_type>
		<wp:post_password></wp:post_password>
		<wp:is_sticky>0</wp:is_sticky>
		<category domain="portfolio_categories" nicename="web-design"><![CDATA[Web Design]]></category>
		<wp:postmeta>
			<wp:meta_key>_edit_last</wp:meta_key>
			<wp:meta_value><![CDATA[1]]></wp:meta_value>
		</wp:postmeta>
		<wp:postmeta>
			<wp:meta_key>_thumbnail_id</wp:meta_key>
			<wp:meta_value><![CDATA[22]]></wp:meta_value>
		</wp:postmeta>
		<wp:postmeta>
			<wp:meta_key>iweb_project_overview</wp:meta_key>
			<wp:meta_value><![CDATA[Vestibulum pulvinar adipiscing turpis vitae at ultrices. Suspendisse eu lectus dui, vitae lob in ortis lorem convallis semper felis. Fusce ravida nibh et ante accusan molestie.]]></wp:meta_value>
		</wp:postmeta>
	</item>
	<item>
				<title>Portfolio 7</title>
		<link>http://bootstraptaste.com/wp/moderna/portfolio/portfolio-7/</link>
		<pubDate>Sun, 13 Apr 2014 10:54:13 +0000</pubDate>
		<dc:creator><![CDATA[admin]]></dc:creator>
		<guid isPermaLink="false">http://bootstraptaste.com/wp/moderna/?post_type=portfolio&#038;p=24</guid>
		<description></description>
		<content:encoded><![CDATA[]]></content:encoded>
		<excerpt:encoded><![CDATA[]]></excerpt:encoded>
		<wp:post_id>24</wp:post_id>
		<wp:post_date>2014-04-13 10:54:13</wp:post_date>
		<wp:post_date_gmt>2014-04-13 10:54:13</wp:post_date_gmt>
		<wp:comment_status>closed</wp:comment_status>
		<wp:ping_status>closed</wp:ping_status>
		<wp:post_name>portfolio-7</wp:post_name>
		<wp:status>publish</wp:status>
		<wp:post_parent>0</wp:post_parent>
		<wp:menu_order>0</wp:menu_order>
		<wp:post_type>portfolio</wp:post_type>
		<wp:post_password></wp:post_password>
		<wp:is_sticky>0</wp:is_sticky>
		<category domain="portfolio_categories" nicename="icons"><![CDATA[Icons]]></category>
		<wp:postmeta>
			<wp:meta_key>_edit_last</wp:meta_key>
			<wp:meta_value><![CDATA[1]]></wp:meta_value>
		</wp:postmeta>
		<wp:postmeta>
			<wp:meta_key>_thumbnail_id</wp:meta_key>
			<wp:meta_value><![CDATA[25]]></wp:meta_value>
		</wp:postmeta>
		<wp:postmeta>
			<wp:meta_key>iweb_project_overview</wp:meta_key>
			<wp:meta_value><![CDATA[Vestibulum pulvinar adipiscing turpis vitae at ultrices. Suspendisse eu lectus dui, vitae lob in ortis lorem convallis semper felis. Fusce ravida nibh et ante accusan molestie.]]></wp:meta_value>
		</wp:postmeta>
	</item>
	<item>
				<title>Portfolio 6</title>
		<link>http://bootstraptaste.com/wp/moderna/portfolio/portfolio-6/</link>
		<pubDate>Sun, 13 Apr 2014 10:54:54 +0000</pubDate>
		<dc:creator><![CDATA[admin]]></dc:creator>
		<guid isPermaLink="false">http://bootstraptaste.com/wp/moderna/?post_type=portfolio&#038;p=27</guid>
		<description></description>
		<content:encoded><![CDATA[]]></content:encoded>
		<excerpt:encoded><![CDATA[]]></excerpt:encoded>
		<wp:post_id>27</wp:post_id>
		<wp:post_date>2014-04-13 10:54:54</wp:post_date>
		<wp:post_date_gmt>2014-04-13 10:54:54</wp:post_date_gmt>
		<wp:comment_status>closed</wp:comment_status>
		<wp:ping_status>closed</wp:ping_status>
		<wp:post_name>portfolio-6</wp:post_name>
		<wp:status>publish</wp:status>
		<wp:post_parent>0</wp:post_parent>
		<wp:menu_order>0</wp:menu_order>
		<wp:post_type>portfolio</wp:post_type>
		<wp:post_password></wp:post_password>
		<wp:is_sticky>0</wp:is_sticky>
		<category domain="portfolio_categories" nicename="graphic-design"><![CDATA[Graphic Design]]></category>
		<wp:postmeta>
			<wp:meta_key>_edit_last</wp:meta_key>
			<wp:meta_value><![CDATA[1]]></wp:meta_value>
		</wp:postmeta>
		<wp:postmeta>
			<wp:meta_key>_thumbnail_id</wp:meta_key>
			<wp:meta_value><![CDATA[28]]></wp:meta_value>
		</wp:postmeta>
		<wp:postmeta>
			<wp:meta_key>iweb_project_overview</wp:meta_key>
			<wp:meta_value><![CDATA[Vestibulum pulvinar adipiscing turpis vitae at ultrices. Suspendisse eu lectus dui, vitae lob in ortis lorem convallis semper felis. Fusce ravida nibh et ante accusan molestie.]]></wp:meta_value>
		</wp:postmeta>
	</item>
	<item>
				<title>Portfolio 5</title>
		<link>http://bootstraptaste.com/wp/moderna/portfolio/portfolio-5/</link>
		<pubDate>Sun, 13 Apr 2014 10:55:17 +0000</pubDate>
		<dc:creator><![CDATA[admin]]></dc:creator>
		<guid isPermaLink="false">http://bootstraptaste.com/wp/moderna/?post_type=portfolio&#038;p=30</guid>
		<description></description>
		<content:encoded><![CDATA[]]></content:encoded>
		<excerpt:encoded><![CDATA[]]></excerpt:encoded>
		<wp:post_id>30</wp:post_id>
		<wp:post_date>2014-04-13 10:55:17</wp:post_date>
		<wp:post_date_gmt>2014-04-13 10:55:17</wp:post_date_gmt>
		<wp:comment_status>closed</wp:comment_status>
		<wp:ping_status>closed</wp:ping_status>
		<wp:post_name>portfolio-5</wp:post_name>
		<wp:status>publish</wp:status>
		<wp:post_parent>0</wp:post_parent>
		<wp:menu_order>0</wp:menu_order>
		<wp:post_type>portfolio</wp:post_type>
		<wp:post_password></wp:post_password>
		<wp:is_sticky>0</wp:is_sticky>
		<category domain="portfolio_categories" nicename="icons"><![CDATA[Icons]]></category>
		<wp:postmeta>
			<wp:meta_key>_edit_last</wp:meta_key>
			<wp:meta_value><![CDATA[1]]></wp:meta_value>
		</wp:postmeta>
		<wp:postmeta>
			<wp:meta_key>_thumbnail_id</wp:meta_key>
			<wp:meta_value><![CDATA[31]]></wp:meta_value>
		</wp:postmeta>
		<wp:postmeta>
			<wp:meta_key>iweb_project_overview</wp:meta_key>
			<wp:meta_value><![CDATA[Vestibulum pulvinar adipiscing turpis vitae at ultrices. Suspendisse eu lectus dui, vitae lob in ortis lorem convallis semper felis. Fusce ravida nibh et ante accusan molestie.]]></wp:meta_value>
		</wp:postmeta>
	</item>
	<item>
				<title>Portfolio 4</title>
		<link>http://bootstraptaste.com/wp/moderna/portfolio/portfolio-4/</link>
		<pubDate>Sun, 13 Apr 2014 10:55:43 +0000</pubDate>
		<dc:creator><![CDATA[admin]]></dc:creator>
		<guid isPermaLink="false">http://bootstraptaste.com/wp/moderna/?post_type=portfolio&#038;p=33</guid>
		<description></description>
		<content:encoded><![CDATA[]]></content:encoded>
		<excerpt:encoded><![CDATA[]]></excerpt:encoded>
		<wp:post_id>33</wp:post_id>
		<wp:post_date>2014-04-13 10:55:43</wp:post_date>
		<wp:post_date_gmt>2014-04-13 10:55:43</wp:post_date_gmt>
		<wp:comment_status>closed</wp:comment_status>
		<wp:ping_status>closed</wp:ping_status>
		<wp:post_name>portfolio-4</wp:post_name>
		<wp:status>publish</wp:status>
		<wp:post_parent>0</wp:post_parent>
		<wp:menu_order>0</wp:menu_order>
		<wp:post_type>portfolio</wp:post_type>
		<wp:post_password></wp:post_password>
		<wp:is_sticky>0</wp:is_sticky>
		<category domain="portfolio_categories" nicename="web-design"><![CDATA[Web Design]]></category>
		<wp:postmeta>
			<wp:meta_key>_edit_last</wp:meta_key>
			<wp:meta_value><![CDATA[1]]></wp:meta_value>
		</wp:postmeta>
		<wp:postmeta>
			<wp:meta_key>_thumbnail_id</wp:meta_key>
			<wp:meta_value><![CDATA[34]]></wp:meta_value>
		</wp:postmeta>
		<wp:postmeta>
			<wp:meta_key>iweb_project_overview</wp:meta_key>
			<wp:meta_value><![CDATA[Vestibulum pulvinar adipiscing turpis vitae at ultrices. Suspendisse eu lectus dui, vitae lob in ortis lorem convallis semper felis. Fusce ravida nibh et ante accusan molestie.]]></wp:meta_value>
		</wp:postmeta>
	</item>
	<item>
				<title>Portfolio 3</title>
		<link>http://bootstraptaste.com/wp/moderna/portfolio/portfolio-3/</link>
		<pubDate>Sun, 13 Apr 2014 10:56:07 +0000</pubDate>
		<dc:creator><![CDATA[admin]]></dc:creator>
		<guid isPermaLink="false">http://bootstraptaste.com/wp/moderna/?post_type=portfolio&#038;p=36</guid>
		<description></description>
		<content:encoded><![CDATA[]]></content:encoded>
		<excerpt:encoded><![CDATA[]]></excerpt:encoded>
		<wp:post_id>36</wp:post_id>
		<wp:post_date>2014-04-13 10:56:07</wp:post_date>
		<wp:post_date_gmt>2014-04-13 10:56:07</wp:post_date_gmt>
		<wp:comment_status>closed</wp:comment_status>
		<wp:ping_status>closed</wp:ping_status>
		<wp:post_name>portfolio-3</wp:post_name>
		<wp:status>publish</wp:status>
		<wp:post_parent>0</wp:post_parent>
		<wp:menu_order>0</wp:menu_order>
		<wp:post_type>portfolio</wp:post_type>
		<wp:post_password></wp:post_password>
		<wp:is_sticky>0</wp:is_sticky>
		<category domain="portfolio_categories" nicename="graphic-design"><![CDATA[Graphic Design]]></category>
		<wp:postmeta>
			<wp:meta_key>_edit_last</wp:meta_key>
			<wp:meta_value><![CDATA[1]]></wp:meta_value>
		</wp:postmeta>
		<wp:postmeta>
			<wp:meta_key>_thumbnail_id</wp:meta_key>
			<wp:meta_value><![CDATA[37]]></wp:meta_value>
		</wp:postmeta>
		<wp:postmeta>
			<wp:meta_key>iweb_project_overview</wp:meta_key>
			<wp:meta_value><![CDATA[Vestibulum pulvinar adipiscing turpis vitae at ultrices. Suspendisse eu lectus dui, vitae lob in ortis lorem convallis semper felis. Fusce ravida nibh et ante accusan molestie.]]></wp:meta_value>
		</wp:postmeta>
	</item>
	<item>
				<title>Portfolio 2</title>
		<link>http://bootstraptaste.com/wp/moderna/portfolio/portfolio-2/</link>
		<pubDate>Sun, 13 Apr 2014 10:56:33 +0000</pubDate>
		<dc:creator><![CDATA[admin]]></dc:creator>
		<guid isPermaLink="false">http://bootstraptaste.com/wp/moderna/?post_type=portfolio&#038;p=39</guid>
		<description></description>
		<content:encoded><![CDATA[]]></content:encoded>
		<excerpt:encoded><![CDATA[]]></excerpt:encoded>
		<wp:post_id>39</wp:post_id>
		<wp:post_date>2014-04-13 10:56:33</wp:post_date>
		<wp:post_date_gmt>2014-04-13 10:56:33</wp:post_date_gmt>
		<wp:comment_status>closed</wp:comment_status>
		<wp:ping_status>closed</wp:ping_status>
		<wp:post_name>portfolio-2</wp:post_name>
		<wp:status>publish</wp:status>
		<wp:post_parent>0</wp:post_parent>
		<wp:menu_order>0</wp:menu_order>
		<wp:post_type>portfolio</wp:post_type>
		<wp:post_password></wp:post_password>
		<wp:is_sticky>0</wp:is_sticky>
		<category domain="portfolio_categories" nicename="icons"><![CDATA[Icons]]></category>
		<wp:postmeta>
			<wp:meta_key>_edit_last</wp:meta_key>
			<wp:meta_value><![CDATA[1]]></wp:meta_value>
		</wp:postmeta>
		<wp:postmeta>
			<wp:meta_key>_thumbnail_id</wp:meta_key>
			<wp:meta_value><![CDATA[40]]></wp:meta_value>
		</wp:postmeta>
		<wp:postmeta>
			<wp:meta_key>iweb_project_overview</wp:meta_key>
			<wp:meta_value><![CDATA[Vestibulum pulvinar adipiscing turpis vitae at ultrices. Suspendisse eu lectus dui, vitae lob in ortis lorem convallis semper felis. Fusce ravida nibh et ante accusan molestie.]]></wp:meta_value>
		</wp:postmeta>
	</item>
	<item>
				<title>Portfolio 1</title>
		<link>http://bootstraptaste.com/wp/moderna/portfolio/portfolio-1/</link>
		<pubDate>Sun, 13 Apr 2014 10:56:55 +0000</pubDate>
		<dc:creator><![CDATA[admin]]></dc:creator>
		<guid isPermaLink="false">http://bootstraptaste.com/wp/moderna/?post_type=portfolio&#038;p=42</guid>
		<description></description>
		<content:encoded><![CDATA[]]></content:encoded>
		<excerpt:encoded><![CDATA[]]></excerpt:encoded>
		<wp:post_id>42</wp:post_id>
		<wp:post_date>2014-04-13 10:56:55</wp:post_date>
		<wp:post_date_gmt>2014-04-13 10:56:55</wp:post_date_gmt>
		<wp:comment_status>closed</wp:comment_status>
		<wp:ping_status>closed</wp:ping_status>
		<wp:post_name>portfolio-1</wp:post_name>
		<wp:status>publish</wp:status>
		<wp:post_parent>0</wp:post_parent>
		<wp:menu_order>0</wp:menu_order>
		<wp:post_type>portfolio</wp:post_type>
		<wp:post_password></wp:post_password>
		<wp:is_sticky>0</wp:is_sticky>
		<category domain="portfolio_categories" nicename="graphic-design"><![CDATA[Graphic Design]]></category>
		<wp:postmeta>
			<wp:meta_key>_edit_last</wp:meta_key>
			<wp:meta_value><![CDATA[1]]></wp:meta_value>
		</wp:postmeta>
		<wp:postmeta>
			<wp:meta_key>_thumbnail_id</wp:meta_key>
			<wp:meta_value><![CDATA[43]]></wp:meta_value>
		</wp:postmeta>
		<wp:postmeta>
			<wp:meta_key>iweb_project_overview</wp:meta_key>
			<wp:meta_value><![CDATA[Vestibulum pulvinar adipiscing turpis vitae at ultrices. Suspendisse eu lectus dui, vitae lob in ortis lorem convallis semper felis. Fusce ravida nibh et ante accusan molestie.]]></wp:meta_value>
		</wp:postmeta>
	</item>
	<item>
				<title>Portfolio</title>
		<link>http://bootstraptaste.com/wp/moderna/portfolio/</link>
		<pubDate>Sun, 13 Apr 2014 10:57:11 +0000</pubDate>
		<dc:creator><![CDATA[admin]]></dc:creator>
		<guid isPermaLink="false">http://bootstraptaste.com/wp/moderna/?page_id=45</guid>
		<description></description>
		<content:encoded><![CDATA[]]></content:encoded>
		<excerpt:encoded><![CDATA[]]></excerpt:encoded>
		<wp:post_id>45</wp:post_id>
		<wp:post_date>2014-04-13 10:57:11</wp:post_date>
		<wp:post_date_gmt>2014-04-13 10:57:11</wp:post_date_gmt>
		<wp:comment_status>open</wp:comment_status>
		<wp:ping_status>open</wp:ping_status>
		<wp:post_name>portfolio</wp:post_name>
		<wp:status>publish</wp:status>
		<wp:post_parent>0</wp:post_parent>
		<wp:menu_order>0</wp:menu_order>
		<wp:post_type>page</wp:post_type>
		<wp:post_password></wp:post_password>
		<wp:is_sticky>0</wp:is_sticky>
		<wp:postmeta>
			<wp:meta_key>_edit_last</wp:meta_key>
			<wp:meta_value><![CDATA[1]]></wp:meta_value>
		</wp:postmeta>
		<wp:postmeta>
			<wp:meta_key>_wp_page_template</wp:meta_key>
			<wp:meta_value><![CDATA[templates/page-portfolio.php]]></wp:meta_value>
		</wp:postmeta>
	</item>
	<item>
				<title>Blog</title>
		<link>http://bootstraptaste.com/wp/moderna/blog/</link>
		<pubDate>Sun, 13 Apr 2014 10:58:11 +0000</pubDate>
		<dc:creator><![CDATA[admin]]></dc:creator>
		<guid isPermaLink="false">http://bootstraptaste.com/wp/moderna/?page_id=49</guid>
		<description></description>
		<content:encoded><![CDATA[]]></content:encoded>
		<excerpt:encoded><![CDATA[]]></excerpt:encoded>
		<wp:post_id>49</wp:post_id>
		<wp:post_date>2014-04-13 10:58:11</wp:post_date>
		<wp:post_date_gmt>2014-04-13 10:58:11</wp:post_date_gmt>
		<wp:comment_status>open</wp:comment_status>
		<wp:ping_status>open</wp:ping_status>
		<wp:post_name>blog</wp:post_name>
		<wp:status>publish</wp:status>
		<wp:post_parent>0</wp:post_parent>
		<wp:menu_order>0</wp:menu_order>
		<wp:post_type>page</wp:post_type>
		<wp:post_password></wp:post_password>
		<wp:is_sticky>0</wp:is_sticky>
		<wp:postmeta>
			<wp:meta_key>_edit_last</wp:meta_key>
			<wp:meta_value><![CDATA[1]]></wp:meta_value>
		</wp:postmeta>
		<wp:postmeta>
			<wp:meta_key>_wp_page_template</wp:meta_key>
			<wp:meta_value><![CDATA[templates/page-blog.php]]></wp:meta_value>
		</wp:postmeta>
	</item>
	<item>
				<title>Contact</title>
		<link>http://bootstraptaste.com/wp/moderna/contact/</link>
		<pubDate>Sun, 13 Apr 2014 10:58:25 +0000</pubDate>
		<dc:creator><![CDATA[admin]]></dc:creator>
		<guid isPermaLink="false">http://bootstraptaste.com/wp/moderna/?page_id=51</guid>
		<description></description>
		<content:encoded><![CDATA[]]></content:encoded>
		<excerpt:encoded><![CDATA[]]></excerpt:encoded>
		<wp:post_id>51</wp:post_id>
		<wp:post_date>2014-04-13 10:58:25</wp:post_date>
		<wp:post_date_gmt>2014-04-13 10:58:25</wp:post_date_gmt>
		<wp:comment_status>open</wp:comment_status>
		<wp:ping_status>open</wp:ping_status>
		<wp:post_name>contact</wp:post_name>
		<wp:status>publish</wp:status>
		<wp:post_parent>0</wp:post_parent>
		<wp:menu_order>0</wp:menu_order>
		<wp:post_type>page</wp:post_type>
		<wp:post_password></wp:post_password>
		<wp:is_sticky>0</wp:is_sticky>
		<wp:postmeta>
			<wp:meta_key>_edit_last</wp:meta_key>
			<wp:meta_value><![CDATA[1]]></wp:meta_value>
		</wp:postmeta>
		<wp:postmeta>
			<wp:meta_key>_wp_page_template</wp:meta_key>
			<wp:meta_value><![CDATA[templates/page-contact.php]]></wp:meta_value>
		</wp:postmeta>
	</item>
	<item>
				<title></title>
		<link>http://bootstraptaste.com/wp/moderna/54/</link>
		<pubDate>Sun, 13 Apr 2014 10:58:40 +0000</pubDate>
		<dc:creator><![CDATA[admin]]></dc:creator>
		<guid isPermaLink="false">http://bootstraptaste.com/wp/moderna/?p=54</guid>
		<description></description>
		<content:encoded><![CDATA[ ]]></content:encoded>
		<excerpt:encoded><![CDATA[]]></excerpt:encoded>
		<wp:post_id>54</wp:post_id>
		<wp:post_date>2014-04-13 10:58:40</wp:post_date>
		<wp:post_date_gmt>2014-04-13 10:58:40</wp:post_date_gmt>
		<wp:comment_status>open</wp:comment_status>
		<wp:ping_status>open</wp:ping_status>
		<wp:post_name>54</wp:post_name>
		<wp:status>publish</wp:status>
		<wp:post_parent>0</wp:post_parent>
		<wp:menu_order>6</wp:menu_order>
		<wp:post_type>nav_menu_item</wp:post_type>
		<wp:post_password></wp:post_password>
		<wp:is_sticky>0</wp:is_sticky>
		<category domain="nav_menu" nicename="top-menu"><![CDATA[Top menu]]></category>
		<wp:postmeta>
			<wp:meta_key>_menu_item_type</wp:meta_key>
			<wp:meta_value><![CDATA[post_type]]></wp:meta_value>
		</wp:postmeta>
		<wp:postmeta>
			<wp:meta_key>_menu_item_menu_item_parent</wp:meta_key>
			<wp:meta_value><![CDATA[0]]></wp:meta_value>
		</wp:postmeta>
		<wp:postmeta>
			<wp:meta_key>_menu_item_object_id</wp:meta_key>
			<wp:meta_value><![CDATA[49]]></wp:meta_value>
		</wp:postmeta>
		<wp:postmeta>
			<wp:meta_key>_menu_item_object</wp:meta_key>
			<wp:meta_value><![CDATA[page]]></wp:meta_value>
		</wp:postmeta>
		<wp:postmeta>
			<wp:meta_key>_menu_item_target</wp:meta_key>
			<wp:meta_value><![CDATA[]]></wp:meta_value>
		</wp:postmeta>
		<wp:postmeta>
			<wp:meta_key>_menu_item_classes</wp:meta_key>
			<wp:meta_value><![CDATA[a:1:{i:0;s:0:"";}]]></wp:meta_value>
		</wp:postmeta>
		<wp:postmeta>
			<wp:meta_key>_menu_item_xfn</wp:meta_key>
			<wp:meta_value><![CDATA[]]></wp:meta_value>
		</wp:postmeta>
		<wp:postmeta>
			<wp:meta_key>_menu_item_url</wp:meta_key>
			<wp:meta_value><![CDATA[]]></wp:meta_value>
		</wp:postmeta>
	</item>
	<item>
				<title>Features</title>
		<link>http://bootstraptaste.com/wp/moderna/features/</link>
		<pubDate>Sun, 13 Apr 2014 10:58:58 +0000</pubDate>
		<dc:creator><![CDATA[admin]]></dc:creator>
		<guid isPermaLink="false">http://bootstraptaste.com/wp/moderna/?p=55</guid>
		<description></description>
		<content:encoded><![CDATA[]]></content:encoded>
		<excerpt:encoded><![CDATA[]]></excerpt:encoded>
		<wp:post_id>55</wp:post_id>
		<wp:post_date>2014-04-13 10:58:58</wp:post_date>
		<wp:post_date_gmt>2014-04-13 10:58:58</wp:post_date_gmt>
		<wp:comment_status>open</wp:comment_status>
		<wp:ping_status>open</wp:ping_status>
		<wp:post_name>features</wp:post_name>
		<wp:status>publish</wp:status>
		<wp:post_parent>0</wp:post_parent>
		<wp:menu_order>2</wp:menu_order>
		<wp:post_type>nav_menu_item</wp:post_type>
		<wp:post_password></wp:post_password>
		<wp:is_sticky>0</wp:is_sticky>
		<category domain="nav_menu" nicename="top-menu"><![CDATA[Top menu]]></category>
		<wp:postmeta>
			<wp:meta_key>_menu_item_type</wp:meta_key>
			<wp:meta_value><![CDATA[custom]]></wp:meta_value>
		</wp:postmeta>
		<wp:postmeta>
			<wp:meta_key>_menu_item_menu_item_parent</wp:meta_key>
			<wp:meta_value><![CDATA[0]]></wp:meta_value>
		</wp:postmeta>
		<wp:postmeta>
			<wp:meta_key>_menu_item_object_id</wp:meta_key>
			<wp:meta_value><![CDATA[55]]></wp:meta_value>
		</wp:postmeta>
		<wp:postmeta>
			<wp:meta_key>_menu_item_object</wp:meta_key>
			<wp:meta_value><![CDATA[custom]]></wp:meta_value>
		</wp:postmeta>
		<wp:postmeta>
			<wp:meta_key>_menu_item_target</wp:meta_key>
			<wp:meta_value><![CDATA[]]></wp:meta_value>
		</wp:postmeta>
		<wp:postmeta>
			<wp:meta_key>_menu_item_classes</wp:meta_key>
			<wp:meta_value><![CDATA[a:1:{i:0;s:0:"";}]]></wp:meta_value>
		</wp:postmeta>
		<wp:postmeta>
			<wp:meta_key>_menu_item_xfn</wp:meta_key>
			<wp:meta_value><![CDATA[]]></wp:meta_value>
		</wp:postmeta>
		<wp:postmeta>
			<wp:meta_key>_menu_item_url</wp:meta_key>
			<wp:meta_value><![CDATA[#]]></wp:meta_value>
		</wp:postmeta>
	</item>
	<item>
				<title>Pricing box</title>
		<link>http://bootstraptaste.com/wp/moderna/pricing-box/</link>
		<pubDate>Sun, 13 Apr 2014 11:00:37 +0000</pubDate>
		<dc:creator><![CDATA[admin]]></dc:creator>
		<guid isPermaLink="false">http://bootstraptaste.com/wp/moderna/?page_id=56</guid>
		<description></description>
		<content:encoded><![CDATA[<h4>Example on 3 Columns ( use col-md-4)</h4>
[row]
[column md="4"]
[pricingtable type="normal"]
[pricing-heading type="special" title="Very Basic" curr="$" price="15.00" period="Month"]
[pricing-features]
[pricing-list]100 applications[/pricing-list]
[pricing-list]24x7 support available[/pricing-list]
[pricing-list]No hidden fees[/pricing-list]
[pricing-list]Free 30-days trial[/pricing-list]

[pricing-list]Stop anytime easily[/pricing-list]
[/pricing-features]
[pricing-button text="REGISTER NOW" url="#"]
[/pricingtable]
[/column]
[column md="4"]
[pricingtable type="special"]
[pricing-heading type="special" title="Good Choice" curr="$" price="25.00" period="Month"]
[pricing-features]
[pricing-list]100 applications[/pricing-list]
[pricing-list]24x7 support available[/pricing-list]
[pricing-list]No hidden fees[/pricing-list]
[pricing-list]Free 30-days trial[/pricing-list][pricing-list]Stop anytime easily[/pricing-list]
[/pricing-features]
[pricing-button text="REGISTER NOW" url="#"]
[/pricingtable]
[/column]

[column md="4"]
[pricingtable type="normal"]
[pricing-heading type="special" title="Just Happy" curr="$" price="35.00" period="Month"]
[pricing-features]
[pricing-list]100 applications[/pricing-list]
[pricing-list]24x7 support available[/pricing-list]
[pricing-list]No hidden fees[/pricing-list]
[pricing-list]Free 30-days trial[/pricing-list][pricing-list]Stop anytime easily[/pricing-list]
[/pricing-features]
[pricing-button text="REGISTER NOW" url="#"]
[/pricingtable]
[/column]
[/row]]]></content:encoded>
		<excerpt:encoded><![CDATA[]]></excerpt:encoded>
		<wp:post_id>56</wp:post_id>
		<wp:post_date>2014-04-13 11:00:37</wp:post_date>
		<wp:post_date_gmt>2014-04-13 11:00:37</wp:post_date_gmt>
		<wp:comment_status>open</wp:comment_status>
		<wp:ping_status>open</wp:ping_status>
		<wp:post_name>pricing-box</wp:post_name>
		<wp:status>publish</wp:status>
		<wp:post_parent>0</wp:post_parent>
		<wp:menu_order>0</wp:menu_order>
		<wp:post_type>page</wp:post_type>
		<wp:post_password></wp:post_password>
		<wp:is_sticky>0</wp:is_sticky>
		<wp:postmeta>
			<wp:meta_key>_edit_last</wp:meta_key>
			<wp:meta_value><![CDATA[1]]></wp:meta_value>
		</wp:postmeta>
		<wp:postmeta>
			<wp:meta_key>_wp_page_template</wp:meta_key>
			<wp:meta_value><![CDATA[templates/page-fullwidth.php]]></wp:meta_value>
		</wp:postmeta>
	</item>
	<item>
				<title></title>
		<link>http://bootstraptaste.com/wp/moderna/60/</link>
		<pubDate>Sun, 13 Apr 2014 11:02:47 +0000</pubDate>
		<dc:creator><![CDATA[admin]]></dc:creator>
		<guid isPermaLink="false">http://bootstraptaste.com/wp/moderna/?p=60</guid>
		<description></description>
		<content:encoded><![CDATA[ ]]></content:encoded>
		<excerpt:encoded><![CDATA[]]></excerpt:encoded>
		<wp:post_id>60</wp:post_id>
		<wp:post_date>2014-04-13 11:02:47</wp:post_date>
		<wp:post_date_gmt>2014-04-13 11:02:47</wp:post_date_gmt>
		<wp:comment_status>open</wp:comment_status>
		<wp:ping_status>open</wp:ping_status>
		<wp:post_name>60</wp:post_name>
		<wp:status>publish</wp:status>
		<wp:post_parent>0</wp:post_parent>
		<wp:menu_order>4</wp:menu_order>
		<wp:post_type>nav_menu_item</wp:post_type>
		<wp:post_password></wp:post_password>
		<wp:is_sticky>0</wp:is_sticky>
		<category domain="nav_menu" nicename="top-menu"><![CDATA[Top menu]]></category>
		<wp:postmeta>
			<wp:meta_key>_menu_item_type</wp:meta_key>
			<wp:meta_value><![CDATA[post_type]]></wp:meta_value>
		</wp:postmeta>
		<wp:postmeta>
			<wp:meta_key>_menu_item_menu_item_parent</wp:meta_key>
			<wp:meta_value><![CDATA[55]]></wp:meta_value>
		</wp:postmeta>
		<wp:postmeta>
			<wp:meta_key>_menu_item_object_id</wp:meta_key>
			<wp:meta_value><![CDATA[56]]></wp:meta_value>
		</wp:postmeta>
		<wp:postmeta>
			<wp:meta_key>_menu_item_object</wp:meta_key>
			<wp:meta_value><![CDATA[page]]></wp:meta_value>
		</wp:postmeta>
		<wp:postmeta>
			<wp:meta_key>_menu_item_target</wp:meta_key>
			<wp:meta_value><![CDATA[]]></wp:meta_value>
		</wp:postmeta>
		<wp:postmeta>
			<wp:meta_key>_menu_item_classes</wp:meta_key>
			<wp:meta_value><![CDATA[a:1:{i:0;s:0:"";}]]></wp:meta_value>
		</wp:postmeta>
		<wp:postmeta>
			<wp:meta_key>_menu_item_xfn</wp:meta_key>
			<wp:meta_value><![CDATA[]]></wp:meta_value>
		</wp:postmeta>
		<wp:postmeta>
			<wp:meta_key>_menu_item_url</wp:meta_key>
			<wp:meta_value><![CDATA[]]></wp:meta_value>
		</wp:postmeta>
	</item>
	<item>
				<title>Components</title>
		<link>http://bootstraptaste.com/wp/moderna/components/</link>
		<pubDate>Sun, 13 Apr 2014 11:06:22 +0000</pubDate>
		<dc:creator><![CDATA[admin]]></dc:creator>
		<guid isPermaLink="false">http://bootstraptaste.com/wp/moderna/?page_id=64</guid>
		<description></description>
		<content:encoded><![CDATA[<h4>This theme support Bootstrap 3.1.1 Features &amp; Components</h4>
[row]
[column md="12"]

http://www.youtube.com/watch?v=c3A9eVknqtA

[/column]
[/row]

&nbsp;
<h4>Some example</h4>
[row]
[column md="12"]
[button type="success" size="lg" link="#"] Success button [/button] [button type="info" size="lg" link="#"] Info button [/button] [button type="primary" size="lg" link="#"] Primary button [/button] [button type="danger" size="lg" link="#"] Danger button [/button] [button type="warning" size="lg" link="#"] Warning button [/button]

[/column]
[/row]

[row]
[column md="4"]
<h4>Button Group</h4>
[button-group size="md" justified="" vertical=""]
[button link="#"] Button 1 [/button]
[button link="#"] Button 2[/button]
[button link="#"] Button 3[/button]
[/button-group]

[/column]

[column md="4"]
<h4>Button Dropdown</h4>
[button-group]
[button link="#" dropdown="true" data="toggle,dropdown"] Button dropdown  [caret][/button]
[dropdown]
[dropdown-header] Dorpdown header [/dropdown-header]
[dropdown-item link="#"] button here[/dropdown-item]
[dropdown-item link="#"] button here[/dropdown-item]
[dropdown-item link="#"] button here[/dropdown-item]
[/dropdown]
[/button-group]

[/column]

[column md="4"]
<h4>Label</h4>
[label type="success"] label success [/label]  [label type="info"] info [/label]  [label type="warning"] warning [/label]  [label type="danger"] danger [/label]

[/column]
[/row]

[row]
[column md="4"]
<h4>Alerts</h4>
[alert type="success"] success alert [/alert] [alert type="info"] info alert [/alert] [alert type="danger"] danger alert [/alert] [alert type="warning"] warning alert [/alert]

[/column]

[column md="4"]
<h4>Progress</h4>
[progress striped="true"]
[progress-bar percent="50"]
[progress-bar percent="25" type="success"]
[/progress]

[progress striped="true"]
[progress-bar percent="30"]
[progress-bar percent="45" type="warning"]
[/progress]

[progress striped="false"]

[progress-bar percent="40" type="danger"]

[/progress]

[progress striped="false"]

[progress-bar percent="65" type="info"]

[/progress]

[/column]

[column md="4"]
<h4>Modal</h4>
[modal text="Click to launch modal" title="Modal Title Goes Here" xclass="btn btn-success btn-large"]
Lorem ipsum dolor sit amet, an eum wisi probo homero, at utinam adipisci interpretaris sit. Usu molestiae reprimique disputationi eu
[modal-footer]
[button type="primary" link="#" data="dismiss,modal"]Dismiss[/button]
[/modal-footer]
[/modal]

[/column]
[/row]

&nbsp;]]></content:encoded>
		<excerpt:encoded><![CDATA[]]></excerpt:encoded>
		<wp:post_id>64</wp:post_id>
		<wp:post_date>2014-04-13 11:06:22</wp:post_date>
		<wp:post_date_gmt>2014-04-13 11:06:22</wp:post_date_gmt>
		<wp:comment_status>open</wp:comment_status>
		<wp:ping_status>open</wp:ping_status>
		<wp:post_name>components</wp:post_name>
		<wp:status>publish</wp:status>
		<wp:post_parent>0</wp:post_parent>
		<wp:menu_order>0</wp:menu_order>
		<wp:post_type>page</wp:post_type>
		<wp:post_password></wp:post_password>
		<wp:is_sticky>0</wp:is_sticky>
		<wp:postmeta>
			<wp:meta_key>_edit_last</wp:meta_key>
			<wp:meta_value><![CDATA[1]]></wp:meta_value>
		</wp:postmeta>
		<wp:postmeta>
			<wp:meta_key>_wp_page_template</wp:meta_key>
			<wp:meta_value><![CDATA[templates/page-fullwidth.php]]></wp:meta_value>
		</wp:postmeta>
		<wp:postmeta>
			<wp:meta_key>_oembed_075f43cfa217b9b5f3ae2cebf4f488e3</wp:meta_key>
			<wp:meta_value><![CDATA[<iframe width="960" height="540" src="http://www.youtube.com/embed/c3A9eVknqtA?feature=oembed" frameborder="0" allowfullscreen></iframe>]]></wp:meta_value>
		</wp:postmeta>
	</item>
	<item>
				<title></title>
		<link>http://bootstraptaste.com/wp/moderna/111/</link>
		<pubDate>Sun, 13 Apr 2014 12:21:32 +0000</pubDate>
		<dc:creator><![CDATA[admin]]></dc:creator>
		<guid isPermaLink="false">http://bootstraptaste.com/wp/moderna/?p=111</guid>
		<description></description>
		<content:encoded><![CDATA[ ]]></content:encoded>
		<excerpt:encoded><![CDATA[]]></excerpt:encoded>
		<wp:post_id>111</wp:post_id>
		<wp:post_date>2014-04-13 12:21:32</wp:post_date>
		<wp:post_date_gmt>2014-04-13 12:21:32</wp:post_date_gmt>
		<wp:comment_status>open</wp:comment_status>
		<wp:ping_status>open</wp:ping_status>
		<wp:post_name>111</wp:post_name>
		<wp:status>publish</wp:status>
		<wp:post_parent>0</wp:post_parent>
		<wp:menu_order>3</wp:menu_order>
		<wp:post_type>nav_menu_item</wp:post_type>
		<wp:post_password></wp:post_password>
		<wp:is_sticky>0</wp:is_sticky>
		<category domain="nav_menu" nicename="top-menu"><![CDATA[Top menu]]></category>
		<wp:postmeta>
			<wp:meta_key>_menu_item_type</wp:meta_key>
			<wp:meta_value><![CDATA[post_type]]></wp:meta_value>
		</wp:postmeta>
		<wp:postmeta>
			<wp:meta_key>_menu_item_menu_item_parent</wp:meta_key>
			<wp:meta_value><![CDATA[55]]></wp:meta_value>
		</wp:postmeta>
		<wp:postmeta>
			<wp:meta_key>_menu_item_object_id</wp:meta_key>
			<wp:meta_value><![CDATA[64]]></wp:meta_value>
		</wp:postmeta>
		<wp:postmeta>
			<wp:meta_key>_menu_item_object</wp:meta_key>
			<wp:meta_value><![CDATA[page]]></wp:meta_value>
		</wp:postmeta>
		<wp:postmeta>
			<wp:meta_key>_menu_item_target</wp:meta_key>
			<wp:meta_value><![CDATA[]]></wp:meta_value>
		</wp:postmeta>
		<wp:postmeta>
			<wp:meta_key>_menu_item_classes</wp:meta_key>
			<wp:meta_value><![CDATA[a:1:{i:0;s:0:"";}]]></wp:meta_value>
		</wp:postmeta>
		<wp:postmeta>
			<wp:meta_key>_menu_item_xfn</wp:meta_key>
			<wp:meta_value><![CDATA[]]></wp:meta_value>
		</wp:postmeta>
		<wp:postmeta>
			<wp:meta_key>_menu_item_url</wp:meta_key>
			<wp:meta_value><![CDATA[]]></wp:meta_value>
		</wp:postmeta>
	</item>
	<item>
				<title>Volumus intellegebat has exper in</title>
		<link>http://bootstraptaste.com/wp/moderna/volumus-intellegebat-has-exper-in/</link>
		<pubDate>Sun, 13 Apr 2014 12:18:45 +0000</pubDate>
		<dc:creator><![CDATA[admin]]></dc:creator>
		<guid isPermaLink="false">http://bootstraptaste.com/wp/moderna/?p=105</guid>
		<description></description>
		<content:encoded><![CDATA[Qui ut ceteros comprehensam. Cu eos sale sanctus eligendi, id ius elitr saperet, ocurreret pertinacia pri an. No mei nibh consectetuer, semper laoreet perfecto ad qui, est rebum nulla argumentum ei. Fierent adipisci iracundia est ei, usu timeam persius ea. Usu ea justo malis, pri quando everti electram ei, ex homero omittam salutatus sed.

Lorem ipsum dolor sit amet, an eum wisi probo homero, at utinam adipisci interpretaris sit. Usu molestiae reprimique disputationi eu, civibus partiendo mea an, no quodsi salutandi signiferumque nam. Populo viderer detraxit vel an, an nec eirmod discere necessitatibus.

Quo natum commodo dolorum et, eu case putant option mel. Volumus intellegebat has ex, per in case viris. Ex per duis cetero, et vidisse bonorum has. Vis maluisset appellantur no, et eos suas intellegam.]]></content:encoded>
		<excerpt:encoded><![CDATA[]]></excerpt:encoded>
		<wp:post_id>105</wp:post_id>
		<wp:post_date>2014-04-13 12:18:45</wp:post_date>
		<wp:post_date_gmt>2014-04-13 12:18:45</wp:post_date_gmt>
		<wp:comment_status>open</wp:comment_status>
		<wp:ping_status>open</wp:ping_status>
		<wp:post_name>volumus-intellegebat-has-exper-in</wp:post_name>
		<wp:status>publish</wp:status>
		<wp:post_parent>0</wp:post_parent>
		<wp:menu_order>0</wp:menu_order>
		<wp:post_type>post</wp:post_type>
		<wp:post_password></wp:post_password>
		<wp:is_sticky>0</wp:is_sticky>
		<category domain="post_tag" nicename="article"><![CDATA[Article]]></category>
		<category domain="category" nicename="blog"><![CDATA[Blog]]></category>
		<category domain="post_tag" nicename="general"><![CDATA[General]]></category>
		<wp:postmeta>
			<wp:meta_key>_edit_last</wp:meta_key>
			<wp:meta_value><![CDATA[1]]></wp:meta_value>
		</wp:postmeta>
		<wp:postmeta>
			<wp:meta_key>_thumbnail_id</wp:meta_key>
			<wp:meta_value><![CDATA[106]]></wp:meta_value>
		</wp:postmeta>
	</item>
	<item>
				<title>Cu eos sale sanctus eligendi</title>
		<link>http://bootstraptaste.com/wp/moderna/cu-eos-sale-sanctus-eligendi/</link>
		<pubDate>Sun, 13 Apr 2014 12:19:47 +0000</pubDate>
		<dc:creator><![CDATA[admin]]></dc:creator>
		<guid isPermaLink="false">http://bootstraptaste.com/wp/moderna/?p=108</guid>
		<description></description>
		<content:encoded><![CDATA[Qui ut ceteros comprehensam. Cu eos sale sanctus eligendi, id ius elitr saperet, ocurreret pertinacia pri an. No mei nibh consectetuer, semper laoreet perfecto ad qui, est rebum nulla argumentum ei. Fierent adipisci iracundia est ei, usu timeam persius ea. Usu ea justo malis, pri quando everti electram ei, ex homero omittam salutatus sed.

Lorem ipsum dolor sit amet, an eum wisi probo homero, at utinam adipisci interpretaris sit. Usu molestiae reprimique disputationi eu, civibus partiendo mea an, no quodsi salutandi signiferumque nam. Populo viderer detraxit vel an, an nec eirmod discere necessitatibus.

Quo natum commodo dolorum et, eu case putant option mel. Volumus intellegebat has ex, per in case viris. Ex per duis cetero, et vidisse bonorum has. Vis maluisset appellantur no, et eos suas intellegam.]]></content:encoded>
		<excerpt:encoded><![CDATA[]]></excerpt:encoded>
		<wp:post_id>108</wp:post_id>
		<wp:post_date>2014-04-13 12:19:47</wp:post_date>
		<wp:post_date_gmt>2014-04-13 12:19:47</wp:post_date_gmt>
		<wp:comment_status>open</wp:comment_status>
		<wp:ping_status>open</wp:ping_status>
		<wp:post_name>cu-eos-sale-sanctus-eligendi</wp:post_name>
		<wp:status>publish</wp:status>
		<wp:post_parent>0</wp:post_parent>
		<wp:menu_order>0</wp:menu_order>
		<wp:post_type>post</wp:post_type>
		<wp:post_password></wp:post_password>
		<wp:is_sticky>0</wp:is_sticky>
		<category domain="category" nicename="blog"><![CDATA[Blog]]></category>
		<category domain="post_tag" nicename="blog"><![CDATA[Blog]]></category>
		<category domain="post_tag" nicename="general"><![CDATA[General]]></category>
		<category domain="post_tag" nicename="post"><![CDATA[Post]]></category>
		<wp:postmeta>
			<wp:meta_key>_edit_last</wp:meta_key>
			<wp:meta_value><![CDATA[1]]></wp:meta_value>
		</wp:postmeta>
		<wp:postmeta>
			<wp:meta_key>_thumbnail_id</wp:meta_key>
			<wp:meta_value><![CDATA[109]]></wp:meta_value>
		</wp:postmeta>
	</item>
</channel>
</rss>
